date,uf_code,uf,regiao,saldo,fonte
2007-01-01,11,RO,Norte,130,CAGED Antigo
2007-01-01,12,AC,Norte,-319,CAGED Antigo
2007-01-01,13,AM,Norte,854,CAGED Antigo
2007-01-01,14,RR,Norte,102,CAGED Antigo
2007-01-01,15,PA,Norte,-1940,CAGED Antigo
2007-01-01,16,AP,Norte,-157,CAGED Antigo
2007-01-01,17,TO,Norte,459,CAGED Antigo
2007-01-01,21,MA,Nordeste,-252,CAGED Antigo
2007-01-01,22,PI,Nordeste,69,CAGED Antigo
2007-01-01,23,CE,Nordeste,-4356,CAGED Antigo
2007-01-01,24,RN,Nordeste,-2627,CAGED Antigo
2007-01-01,25,PB,Nordeste,-6403,CAGED Antigo
2007-01-01,26,PE,Nordeste,-9722,CAGED Antigo
2007-01-01,27,AL,Nordeste,-2562,CAGED Antigo
2007-01-01,28,SE,Nordeste,115,CAGED Antigo
2007-01-01,29,BA,Nordeste,3473,CAGED Antigo
2007-01-01,31,MG,Sudeste,7234,CAGED Antigo
2007-01-01,32,ES,Sudeste,1830,CAGED Antigo
2007-01-01,33,RJ,Sudeste,189,CAGED Antigo
2007-01-01,35,SP,Sudeste,59172,CAGED Antigo
2007-01-01,41,PR,Sul,8864,CAGED Antigo
2007-01-01,42,SC,Sul,14389,CAGED Antigo
2007-01-01,43,RS,Sul,14920,CAGED Antigo
2007-01-01,50,MS,Centro-Oeste,4818,CAGED Antigo
2007-01-01,51,MT,Centro-Oeste,6620,CAGED Antigo
2007-01-01,52,GO,Centro-Oeste,10292,CAGED Antigo
2007-01-01,53,DF,Centro-Oeste,276,CAGED Antigo
2007-02-01,11,RO,Norte,847,CAGED Antigo
2007-02-01,12,AC,Norte,-50,CAGED Antigo
2007-02-01,13,AM,Norte,724,CAGED Antigo
2007-02-01,14,RR,Norte,128,CAGED Antigo
2007-02-01,15,PA,Norte,1833,CAGED Antigo
2007-02-01,16,AP,Norte,330,CAGED Antigo
2007-02-01,17,TO,Norte,945,CAGED Antigo
2007-02-01,21,MA,Nordeste,1893,CAGED Antigo
2007-02-01,22,PI,Nordeste,-377,CAGED Antigo
2007-02-01,23,CE,Nordeste,-589,CAGED Antigo
2007-02-01,24,RN,Nordeste,-1631,CAGED Antigo
2007-02-01,25,PB,Nordeste,-1336,CAGED Antigo
2007-02-01,26,PE,Nordeste,-16188,CAGED Antigo
2007-02-01,27,AL,Nordeste,-10897,CAGED Antigo
2007-02-01,28,SE,Nordeste,713,CAGED Antigo
2007-02-01,29,BA,Nordeste,1606,CAGED Antigo
2007-02-01,31,MG,Sudeste,17452,CAGED Antigo
2007-02-01,32,ES,Sudeste,224,CAGED Antigo
2007-02-01,33,RJ,Sudeste,9220,CAGED Antigo
2007-02-01,35,SP,Sudeste,83410,CAGED Antigo
2007-02-01,41,PR,Sul,13957,CAGED Antigo
2007-02-01,42,SC,Sul,14683,CAGED Antigo
2007-02-01,43,RS,Sul,13643,CAGED Antigo
2007-02-01,50,MS,Centro-Oeste,2635,CAGED Antigo
2007-02-01,51,MT,Centro-Oeste,8260,CAGED Antigo
2007-02-01,52,GO,Centro-Oeste,8015,CAGED Antigo
2007-02-01,53,DF,Centro-Oeste,-1431,CAGED Antigo
2007-03-01,11,RO,Norte,1168,CAGED Antigo
2007-03-01,12,AC,Norte,287,CAGED Antigo
2007-03-01,13,AM,Norte,2659,CAGED Antigo
2007-03-01,14,RR,Norte,83,CAGED Antigo
2007-03-01,15,PA,Norte,-369,CAGED Antigo
2007-03-01,16,AP,Norte,72,CAGED Antigo
2007-03-01,17,TO,Norte,651,CAGED Antigo
2007-03-01,21,MA,Nordeste,937,CAGED Antigo
2007-03-01,22,PI,Nordeste,-125,CAGED Antigo
2007-03-01,23,CE,Nordeste,-200,CAGED Antigo
2007-03-01,24,RN,Nordeste,-1162,CAGED Antigo
2007-03-01,25,PB,Nordeste,28,CAGED Antigo
2007-03-01,26,PE,Nordeste,-1195,CAGED Antigo
2007-03-01,27,AL,Nordeste,-16545,CAGED Antigo
2007-03-01,28,SE,Nordeste,-1535,CAGED Antigo
2007-03-01,29,BA,Nordeste,7966,CAGED Antigo
2007-03-01,31,MG,Sudeste,24043,CAGED Antigo
2007-03-01,32,ES,Sudeste,4907,CAGED Antigo
2007-03-01,33,RJ,Sudeste,10696,CAGED Antigo
2007-03-01,35,SP,Sudeste,67223,CAGED Antigo
2007-03-01,41,PR,Sul,20090,CAGED Antigo
2007-03-01,42,SC,Sul,4751,CAGED Antigo
2007-03-01,43,RS,Sul,8926,CAGED Antigo
2007-03-01,50,MS,Centro-Oeste,5523,CAGED Antigo
2007-03-01,51,MT,Centro-Oeste,3244,CAGED Antigo
2007-03-01,52,GO,Centro-Oeste,7097,CAGED Antigo
2007-03-01,53,DF,Centro-Oeste,-3079,CAGED Antigo
2007-04-01,11,RO,Norte,1232,CAGED Antigo
2007-04-01,12,AC,Norte,397,CAGED Antigo
2007-04-01,13,AM,Norte,3162,CAGED Antigo
2007-04-01,14,RR,Norte,69,CAGED Antigo
2007-04-01,15,PA,Norte,3482,CAGED Antigo
2007-04-01,16,AP,Norte,120,CAGED Antigo
2007-04-01,17,TO,Norte,1511,CAGED Antigo
2007-04-01,21,MA,Nordeste,2315,CAGED Antigo
2007-04-01,22,PI,Nordeste,1146,CAGED Antigo
2007-04-01,23,CE,Nordeste,4033,CAGED Antigo
2007-04-01,24,RN,Nordeste,1138,CAGED Antigo
2007-04-01,25,PB,Nordeste,2104,CAGED Antigo
2007-04-01,26,PE,Nordeste,4735,CAGED Antigo
2007-04-01,27,AL,Nordeste,-6792,CAGED Antigo
2007-04-01,28,SE,Nordeste,1155,CAGED Antigo
2007-04-01,29,BA,Nordeste,10592,CAGED Antigo
2007-04-01,31,MG,Sudeste,38773,CAGED Antigo
2007-04-01,32,ES,Sudeste,10793,CAGED Antigo
2007-04-01,33,RJ,Sudeste,19586,CAGED Antigo
2007-04-01,35,SP,Sudeste,129420,CAGED Antigo
2007-04-01,41,PR,Sul,27478,CAGED Antigo
2007-04-01,42,SC,Sul,9759,CAGED Antigo
2007-04-01,43,RS,Sul,15008,CAGED Antigo
2007-04-01,50,MS,Centro-Oeste,4513,CAGED Antigo
2007-04-01,51,MT,Centro-Oeste,5086,CAGED Antigo
2007-04-01,52,GO,Centro-Oeste,7329,CAGED Antigo
2007-04-01,53,DF,Centro-Oeste,3847,CAGED Antigo
2007-05-01,11,RO,Norte,1514,CAGED Antigo
2007-05-01,12,AC,Norte,1,CAGED Antigo
2007-05-01,13,AM,Norte,2109,CAGED Antigo
2007-05-01,14,RR,Norte,405,CAGED Antigo
2007-05-01,15,PA,Norte,2397,CAGED Antigo
2007-05-01,16,AP,Norte,249,CAGED Antigo
2007-05-01,17,TO,Norte,1234,CAGED Antigo
2007-05-01,21,MA,Nordeste,2309,CAGED Antigo
2007-05-01,22,PI,Nordeste,1126,CAGED Antigo
2007-05-01,23,CE,Nordeste,2836,CAGED Antigo
2007-05-01,24,RN,Nordeste,959,CAGED Antigo
2007-05-01,25,PB,Nordeste,1446,CAGED Antigo
2007-05-01,26,PE,Nordeste,11356,CAGED Antigo
2007-05-01,27,AL,Nordeste,479,CAGED Antigo
2007-05-01,28,SE,Nordeste,76,CAGED Antigo
2007-05-01,29,BA,Nordeste,9326,CAGED Antigo
2007-05-01,31,MG,Sudeste,52989,CAGED Antigo
2007-05-01,32,ES,Sudeste,5206,CAGED Antigo
2007-05-01,33,RJ,Sudeste,11150,CAGED Antigo
2007-05-01,35,SP,Sudeste,81467,CAGED Antigo
2007-05-01,41,PR,Sul,16360,CAGED Antigo
2007-05-01,42,SC,Sul,-120,CAGED Antigo
2007-05-01,43,RS,Sul,-3382,CAGED Antigo
2007-05-01,50,MS,Centro-Oeste,-628,CAGED Antigo
2007-05-01,51,MT,Centro-Oeste,2151,CAGED Antigo
2007-05-01,52,GO,Centro-Oeste,8617,CAGED Antigo
2007-05-01,53,DF,Centro-Oeste,585,CAGED Antigo
2007-06-01,11,RO,Norte,1357,CAGED Antigo
2007-06-01,12,AC,Norte,454,CAGED Antigo
2007-06-01,13,AM,Norte,2342,CAGED Antigo
2007-06-01,14,RR,Norte,-89,CAGED Antigo
2007-06-01,15,PA,Norte,2910,CAGED Antigo
2007-06-01,16,AP,Norte,-13,CAGED Antigo
2007-06-01,17,TO,Norte,1173,CAGED Antigo
2007-06-01,21,MA,Nordeste,2470,CAGED Antigo
2007-06-01,22,PI,Nordeste,600,CAGED Antigo
2007-06-01,23,CE,Nordeste,2667,CAGED Antigo
2007-06-01,24,RN,Nordeste,2439,CAGED Antigo
2007-06-01,25,PB,Nordeste,305,CAGED Antigo
2007-06-01,26,PE,Nordeste,8854,CAGED Antigo
2007-06-01,27,AL,Nordeste,1347,CAGED Antigo
2007-06-01,28,SE,Nordeste,1368,CAGED Antigo
2007-06-01,29,BA,Nordeste,6678,CAGED Antigo
2007-06-01,31,MG,Sudeste,46080,CAGED Antigo
2007-06-01,32,ES,Sudeste,-3276,CAGED Antigo
2007-06-01,33,RJ,Sudeste,12987,CAGED Antigo
2007-06-01,35,SP,Sudeste,65483,CAGED Antigo
2007-06-01,41,PR,Sul,8466,CAGED Antigo
2007-06-01,42,SC,Sul,3059,CAGED Antigo
2007-06-01,43,RS,Sul,-1132,CAGED Antigo
2007-06-01,50,MS,Centro-Oeste,298,CAGED Antigo
2007-06-01,51,MT,Centro-Oeste,6153,CAGED Antigo
2007-06-01,52,GO,Centro-Oeste,7236,CAGED Antigo
2007-06-01,53,DF,Centro-Oeste,1451,CAGED Antigo
2007-07-01,11,RO,Norte,1621,CAGED Antigo
2007-07-01,12,AC,Norte,8,CAGED Antigo
2007-07-01,13,AM,Norte,2274,CAGED Antigo
2007-07-01,14,RR,Norte,79,CAGED Antigo
2007-07-01,15,PA,Norte,6930,CAGED Antigo
2007-07-01,16,AP,Norte,387,CAGED Antigo
2007-07-01,17,TO,Norte,749,CAGED Antigo
2007-07-01,21,MA,Nordeste,1549,CAGED Antigo
2007-07-01,22,PI,Nordeste,655,CAGED Antigo
2007-07-01,23,CE,Nordeste,6364,CAGED Antigo
2007-07-01,24,RN,Nordeste,3936,CAGED Antigo
2007-07-01,25,PB,Nordeste,2944,CAGED Antigo
2007-07-01,26,PE,Nordeste,1953,CAGED Antigo
2007-07-01,27,AL,Nordeste,3109,CAGED Antigo
2007-07-01,28,SE,Nordeste,669,CAGED Antigo
2007-07-01,29,BA,Nordeste,6387,CAGED Antigo
2007-07-01,31,MG,Sudeste,630,CAGED Antigo
2007-07-01,32,ES,Sudeste,1736,CAGED Antigo
2007-07-01,33,RJ,Sudeste,8737,CAGED Antigo
2007-07-01,35,SP,Sudeste,59407,CAGED Antigo
2007-07-01,41,PR,Sul,10068,CAGED Antigo
2007-07-01,42,SC,Sul,3315,CAGED Antigo
2007-07-01,43,RS,Sul,-1690,CAGED Antigo
2007-07-01,50,MS,Centro-Oeste,-1674,CAGED Antigo
2007-07-01,51,MT,Centro-Oeste,1889,CAGED Antigo
2007-07-01,52,GO,Centro-Oeste,2788,CAGED Antigo
2007-07-01,53,DF,Centro-Oeste,2172,CAGED Antigo
2007-08-01,11,RO,Norte,795,CAGED Antigo
2007-08-01,12,AC,Norte,-53,CAGED Antigo
2007-08-01,13,AM,Norte,3346,CAGED Antigo
2007-08-01,14,RR,Norte,61,CAGED Antigo
2007-08-01,15,PA,Norte,5720,CAGED Antigo
2007-08-01,16,AP,Norte,316,CAGED Antigo
2007-08-01,17,TO,Norte,699,CAGED Antigo
2007-08-01,21,MA,Nordeste,2393,CAGED Antigo
2007-08-01,22,PI,Nordeste,860,CAGED Antigo
2007-08-01,23,CE,Nordeste,9582,CAGED Antigo
2007-08-01,24,RN,Nordeste,4833,CAGED Antigo
2007-08-01,25,PB,Nordeste,4903,CAGED Antigo
2007-08-01,26,PE,Nordeste,12205,CAGED Antigo
2007-08-01,27,AL,Nordeste,500,CAGED Antigo
2007-08-01,28,SE,Nordeste,1098,CAGED Antigo
2007-08-01,29,BA,Nordeste,3484,CAGED Antigo
2007-08-01,31,MG,Sudeste,-16281,CAGED Antigo
2007-08-01,32,ES,Sudeste,722,CAGED Antigo
2007-08-01,33,RJ,Sudeste,8976,CAGED Antigo
2007-08-01,35,SP,Sudeste,59049,CAGED Antigo
2007-08-01,41,PR,Sul,12036,CAGED Antigo
2007-08-01,42,SC,Sul,7141,CAGED Antigo
2007-08-01,43,RS,Sul,673,CAGED Antigo
2007-08-01,50,MS,Centro-Oeste,788,CAGED Antigo
2007-08-01,51,MT,Centro-Oeste,2061,CAGED Antigo
2007-08-01,52,GO,Centro-Oeste,4764,CAGED Antigo
2007-08-01,53,DF,Centro-Oeste,2658,CAGED Antigo
2007-09-01,11,RO,Norte,932,CAGED Antigo
2007-09-01,12,AC,Norte,203,CAGED Antigo
2007-09-01,13,AM,Norte,2828,CAGED Antigo
2007-09-01,14,RR,Norte,252,CAGED Antigo
2007-09-01,15,PA,Norte,4464,CAGED Antigo
2007-09-01,16,AP,Norte,194,CAGED Antigo
2007-09-01,17,TO,Norte,714,CAGED Antigo
2007-09-01,21,MA,Nordeste,2636,CAGED Antigo
2007-09-01,22,PI,Nordeste,2206,CAGED Antigo
2007-09-01,23,CE,Nordeste,7781,CAGED Antigo
2007-09-01,24,RN,Nordeste,5845,CAGED Antigo
2007-09-01,25,PB,Nordeste,3455,CAGED Antigo
2007-09-01,26,PE,Nordeste,23499,CAGED Antigo
2007-09-01,27,AL,Nordeste,29496,CAGED Antigo
2007-09-01,28,SE,Nordeste,3027,CAGED Antigo
2007-09-01,29,BA,Nordeste,6542,CAGED Antigo
2007-09-01,31,MG,Sudeste,2258,CAGED Antigo
2007-09-01,32,ES,Sudeste,3345,CAGED Antigo
2007-09-01,33,RJ,Sudeste,20640,CAGED Antigo
2007-09-01,35,SP,Sudeste,77418,CAGED Antigo
2007-09-01,41,PR,Sul,14189,CAGED Antigo
2007-09-01,42,SC,Sul,11724,CAGED Antigo
2007-09-01,43,RS,Sul,14986,CAGED Antigo
2007-09-01,50,MS,Centro-Oeste,2132,CAGED Antigo
2007-09-01,51,MT,Centro-Oeste,3091,CAGED Antigo
2007-09-01,52,GO,Centro-Oeste,4126,CAGED Antigo
2007-09-01,53,DF,Centro-Oeste,3185,CAGED Antigo
2007-10-01,11,RO,Norte,1056,CAGED Antigo
2007-10-01,12,AC,Norte,-229,CAGED Antigo
2007-10-01,13,AM,Norte,4726,CAGED Antigo
2007-10-01,14,RR,Norte,141,CAGED Antigo
2007-10-01,15,PA,Norte,2711,CAGED Antigo
2007-10-01,16,AP,Norte,50,CAGED Antigo
2007-10-01,17,TO,Norte,704,CAGED Antigo
2007-10-01,21,MA,Nordeste,1034,CAGED Antigo
2007-10-01,22,PI,Nordeste,2074,CAGED Antigo
2007-10-01,23,CE,Nordeste,6755,CAGED Antigo
2007-10-01,24,RN,Nordeste,1746,CAGED Antigo
2007-10-01,25,PB,Nordeste,3386,CAGED Antigo
2007-10-01,26,PE,Nordeste,7668,CAGED Antigo
2007-10-01,27,AL,Nordeste,3806,CAGED Antigo
2007-10-01,28,SE,Nordeste,1072,CAGED Antigo
2007-10-01,29,BA,Nordeste,6219,CAGED Antigo
2007-10-01,31,MG,Sudeste,13703,CAGED Antigo
2007-10-01,32,ES,Sudeste,258,CAGED Antigo
2007-10-01,33,RJ,Sudeste,16455,CAGED Antigo
2007-10-01,35,SP,Sudeste,73118,CAGED Antigo
2007-10-01,41,PR,Sul,13088,CAGED Antigo
2007-10-01,42,SC,Sul,16470,CAGED Antigo
2007-10-01,43,RS,Sul,20118,CAGED Antigo
2007-10-01,50,MS,Centro-Oeste,2637,CAGED Antigo
2007-10-01,51,MT,Centro-Oeste,509,CAGED Antigo
2007-10-01,52,GO,Centro-Oeste,1973,CAGED Antigo
2007-10-01,53,DF,Centro-Oeste,4012,CAGED Antigo
2007-11-01,11,RO,Norte,-119,CAGED Antigo
2007-11-01,12,AC,Norte,-148,CAGED Antigo
2007-11-01,13,AM,Norte,3701,CAGED Antigo
2007-11-01,14,RR,Norte,171,CAGED Antigo
2007-11-01,15,PA,Norte,3832,CAGED Antigo
2007-11-01,16,AP,Norte,365,CAGED Antigo
2007-11-01,17,TO,Norte,386,CAGED Antigo
2007-11-01,21,MA,Nordeste,913,CAGED Antigo
2007-11-01,22,PI,Nordeste,278,CAGED Antigo
2007-11-01,23,CE,Nordeste,6690,CAGED Antigo
2007-11-01,24,RN,Nordeste,952,CAGED Antigo
2007-11-01,25,PB,Nordeste,1774,CAGED Antigo
2007-11-01,26,PE,Nordeste,5421,CAGED Antigo
2007-11-01,27,AL,Nordeste,-956,CAGED Antigo
2007-11-01,28,SE,Nordeste,1974,CAGED Antigo
2007-11-01,29,BA,Nordeste,391,CAGED Antigo
2007-11-01,31,MG,Sudeste,10964,CAGED Antigo
2007-11-01,32,ES,Sudeste,2010,CAGED Antigo
2007-11-01,33,RJ,Sudeste,21452,CAGED Antigo
2007-11-01,35,SP,Sudeste,30277,CAGED Antigo
2007-11-01,41,PR,Sul,8983,CAGED Antigo
2007-11-01,42,SC,Sul,13436,CAGED Antigo
2007-11-01,43,RS,Sul,20319,CAGED Antigo
2007-11-01,50,MS,Centro-Oeste,106,CAGED Antigo
2007-11-01,51,MT,Centro-Oeste,-4988,CAGED Antigo
2007-11-01,52,GO,Centro-Oeste,-6294,CAGED Antigo
2007-11-01,53,DF,Centro-Oeste,2664,CAGED Antigo
2007-12-01,11,RO,Norte,-2200,CAGED Antigo
2007-12-01,12,AC,Norte,-647,CAGED Antigo
2007-12-01,13,AM,Norte,-6141,CAGED Antigo
2007-12-01,14,RR,Norte,-60,CAGED Antigo
2007-12-01,15,PA,Norte,-3967,CAGED Antigo
2007-12-01,16,AP,Norte,-209,CAGED Antigo
2007-12-01,17,TO,Norte,-2120,CAGED Antigo
2007-12-01,21,MA,Nordeste,-2019,CAGED Antigo
2007-12-01,22,PI,Nordeste,-611,CAGED Antigo
2007-12-01,23,CE,Nordeste,-1841,CAGED Antigo
2007-12-01,24,RN,Nordeste,-1424,CAGED Antigo
2007-12-01,25,PB,Nordeste,-449,CAGED Antigo
2007-12-01,26,PE,Nordeste,-2238,CAGED Antigo
2007-12-01,27,AL,Nordeste,-1490,CAGED Antigo
2007-12-01,28,SE,Nordeste,-947,CAGED Antigo
2007-12-01,29,BA,Nordeste,-3944,CAGED Antigo
2007-12-01,31,MG,Sudeste,-29447,CAGED Antigo
2007-12-01,32,ES,Sudeste,-2681,CAGED Antigo
2007-12-01,33,RJ,Sudeste,4698,CAGED Antigo
2007-12-01,35,SP,Sudeste,-173905,CAGED Antigo
2007-12-01,41,PR,Sul,-31218,CAGED Antigo
2007-12-01,42,SC,Sul,-14977,CAGED Antigo
2007-12-01,43,RS,Sul,-8065,CAGED Antigo
2007-12-01,50,MS,Centro-Oeste,-9226,CAGED Antigo
2007-12-01,51,MT,Centro-Oeste,-9520,CAGED Antigo
2007-12-01,52,GO,Centro-Oeste,-14790,CAGED Antigo
2007-12-01,53,DF,Centro-Oeste,24,CAGED Antigo
2008-01-01,11,RO,Norte,535,CAGED Antigo
2008-01-01,12,AC,Norte,-410,CAGED Antigo
2008-01-01,13,AM,Norte,840,CAGED Antigo
2008-01-01,14,RR,Norte,285,CAGED Antigo
2008-01-01,15,PA,Norte,-369,CAGED Antigo
2008-01-01,16,AP,Norte,-292,CAGED Antigo
2008-01-01,17,TO,Norte,617,CAGED Antigo
2008-01-01,21,MA,Nordeste,554,CAGED Antigo
2008-01-01,22,PI,Nordeste,17,CAGED Antigo
2008-01-01,23,CE,Nordeste,-4905,CAGED Antigo
2008-01-01,24,RN,Nordeste,-1909,CAGED Antigo
2008-01-01,25,PB,Nordeste,318,CAGED Antigo
2008-01-01,26,PE,Nordeste,-2667,CAGED Antigo
2008-01-01,27,AL,Nordeste,-1179,CAGED Antigo
2008-01-01,28,SE,Nordeste,44,CAGED Antigo
2008-01-01,29,BA,Nordeste,2714,CAGED Antigo
2008-01-01,31,MG,Sudeste,10455,CAGED Antigo
2008-01-01,32,ES,Sudeste,1767,CAGED Antigo
2008-01-01,33,RJ,Sudeste,-183,CAGED Antigo
2008-01-01,35,SP,Sudeste,65112,CAGED Antigo
2008-01-01,41,PR,Sul,12317,CAGED Antigo
2008-01-01,42,SC,Sul,17552,CAGED Antigo
2008-01-01,43,RS,Sul,19029,CAGED Antigo
2008-01-01,50,MS,Centro-Oeste,4086,CAGED Antigo
2008-01-01,51,MT,Centro-Oeste,6684,CAGED Antigo
2008-01-01,52,GO,Centro-Oeste,11157,CAGED Antigo
2008-01-01,53,DF,Centro-Oeste,752,CAGED Antigo
2008-02-01,11,RO,Norte,608,CAGED Antigo
2008-02-01,12,AC,Norte,127,CAGED Antigo
2008-02-01,13,AM,Norte,497,CAGED Antigo
2008-02-01,14,RR,Norte,102,CAGED Antigo
2008-02-01,15,PA,Norte,923,CAGED Antigo
2008-02-01,16,AP,Norte,-47,CAGED Antigo
2008-02-01,17,TO,Norte,390,CAGED Antigo
2008-02-01,21,MA,Nordeste,1015,CAGED Antigo
2008-02-01,22,PI,Nordeste,155,CAGED Antigo
2008-02-01,23,CE,Nordeste,-1543,CAGED Antigo
2008-02-01,24,RN,Nordeste,-3061,CAGED Antigo
2008-02-01,25,PB,Nordeste,-6060,CAGED Antigo
2008-02-01,26,PE,Nordeste,-4770,CAGED Antigo
2008-02-01,27,AL,Nordeste,-2528,CAGED Antigo
2008-02-01,28,SE,Nordeste,1263,CAGED Antigo
2008-02-01,29,BA,Nordeste,810,CAGED Antigo
2008-02-01,31,MG,Sudeste,27792,CAGED Antigo
2008-02-01,32,ES,Sudeste,4224,CAGED Antigo
2008-02-01,33,RJ,Sudeste,10288,CAGED Antigo
2008-02-01,35,SP,Sudeste,98652,CAGED Antigo
2008-02-01,41,PR,Sul,14730,CAGED Antigo
2008-02-01,42,SC,Sul,12949,CAGED Antigo
2008-02-01,43,RS,Sul,20080,CAGED Antigo
2008-02-01,50,MS,Centro-Oeste,4030,CAGED Antigo
2008-02-01,51,MT,Centro-Oeste,9004,CAGED Antigo
2008-02-01,52,GO,Centro-Oeste,11677,CAGED Antigo
2008-02-01,53,DF,Centro-Oeste,3656,CAGED Antigo
2008-03-01,11,RO,Norte,501,CAGED Antigo
2008-03-01,12,AC,Norte,77,CAGED Antigo
2008-03-01,13,AM,Norte,2054,CAGED Antigo
2008-03-01,14,RR,Norte,311,CAGED Antigo
2008-03-01,15,PA,Norte,-1447,CAGED Antigo
2008-03-01,16,AP,Norte,171,CAGED Antigo
2008-03-01,17,TO,Norte,553,CAGED Antigo
2008-03-01,21,MA,Nordeste,1248,CAGED Antigo
2008-03-01,22,PI,Nordeste,450,CAGED Antigo
2008-03-01,23,CE,Nordeste,2973,CAGED Antigo
2008-03-01,24,RN,Nordeste,813,CAGED Antigo
2008-03-01,25,PB,Nordeste,-3505,CAGED Antigo
2008-03-01,26,PE,Nordeste,-8682,CAGED Antigo
2008-03-01,27,AL,Nordeste,-18496,CAGED Antigo
2008-03-01,28,SE,Nordeste,-29,CAGED Antigo
2008-03-01,29,BA,Nordeste,10595,CAGED Antigo
2008-03-01,31,MG,Sudeste,33021,CAGED Antigo
2008-03-01,32,ES,Sudeste,4651,CAGED Antigo
2008-03-01,33,RJ,Sudeste,18883,CAGED Antigo
2008-03-01,35,SP,Sudeste,90582,CAGED Antigo
2008-03-01,41,PR,Sul,25085,CAGED Antigo
2008-03-01,42,SC,Sul,5904,CAGED Antigo
2008-03-01,43,RS,Sul,18474,CAGED Antigo
2008-03-01,50,MS,Centro-Oeste,4910,CAGED Antigo
2008-03-01,51,MT,Centro-Oeste,3026,CAGED Antigo
2008-03-01,52,GO,Centro-Oeste,8932,CAGED Antigo
2008-03-01,53,DF,Centro-Oeste,5501,CAGED Antigo
2008-04-01,11,RO,Norte,683,CAGED Antigo
2008-04-01,12,AC,Norte,182,CAGED Antigo
2008-04-01,13,AM,Norte,2781,CAGED Antigo
2008-04-01,14,RR,Norte,363,CAGED Antigo
2008-04-01,15,PA,Norte,1969,CAGED Antigo
2008-04-01,16,AP,Norte,462,CAGED Antigo
2008-04-01,17,TO,Norte,957,CAGED Antigo
2008-04-01,21,MA,Nordeste,2909,CAGED Antigo
2008-04-01,22,PI,Nordeste,1377,CAGED Antigo
2008-04-01,23,CE,Nordeste,885,CAGED Antigo
2008-04-01,24,RN,Nordeste,396,CAGED Antigo
2008-04-01,25,PB,Nordeste,848,CAGED Antigo
2008-04-01,26,PE,Nordeste,-4029,CAGED Antigo
2008-04-01,27,AL,Nordeste,-10416,CAGED Antigo
2008-04-01,28,SE,Nordeste,323,CAGED Antigo
2008-04-01,29,BA,Nordeste,11990,CAGED Antigo
2008-04-01,31,MG,Sudeste,35594,CAGED Antigo
2008-04-01,32,ES,Sudeste,8203,CAGED Antigo
2008-04-01,33,RJ,Sudeste,20824,CAGED Antigo
2008-04-01,35,SP,Sudeste,144939,CAGED Antigo
2008-04-01,41,PR,Sul,26347,CAGED Antigo
2008-04-01,42,SC,Sul,7587,CAGED Antigo
2008-04-01,43,RS,Sul,13578,CAGED Antigo
2008-04-01,50,MS,Centro-Oeste,2592,CAGED Antigo
2008-04-01,51,MT,Centro-Oeste,3406,CAGED Antigo
2008-04-01,52,GO,Centro-Oeste,14743,CAGED Antigo
2008-04-01,53,DF,Centro-Oeste,5029,CAGED Antigo
2008-06-01,11,RO,Norte,1380,CAGED Antigo
2008-06-01,12,AC,Norte,637,CAGED Antigo
2008-06-01,13,AM,Norte,6002,CAGED Antigo
2008-06-01,14,RR,Norte,-202,CAGED Antigo
2008-06-01,15,PA,Norte,5497,CAGED Antigo
2008-06-01,16,AP,Norte,326,CAGED Antigo
2008-06-01,17,TO,Norte,1788,CAGED Antigo
2008-06-01,21,MA,Nordeste,3445,CAGED Antigo
2008-06-01,22,PI,Nordeste,2559,CAGED Antigo
2008-06-01,23,CE,Nordeste,9563,CAGED Antigo
2008-06-01,24,RN,Nordeste,3442,CAGED Antigo
2008-06-01,25,PB,Nordeste,1725,CAGED Antigo
2008-06-01,26,PE,Nordeste,11357,CAGED Antigo
2008-06-01,27,AL,Nordeste,284,CAGED Antigo
2008-06-01,28,SE,Nordeste,1170,CAGED Antigo
2008-06-01,29,BA,Nordeste,6427,CAGED Antigo
2008-06-01,31,MG,Sudeste,73660,CAGED Antigo
2008-06-01,32,ES,Sudeste,1225,CAGED Antigo
2008-06-01,33,RJ,Sudeste,17121,CAGED Antigo
2008-06-01,35,SP,Sudeste,102726,CAGED Antigo
2008-06-01,41,PR,Sul,13944,CAGED Antigo
2008-06-01,42,SC,Sul,8641,CAGED Antigo
2008-06-01,43,RS,Sul,7990,CAGED Antigo
2008-06-01,50,MS,Centro-Oeste,3509,CAGED Antigo
2008-06-01,51,MT,Centro-Oeste,9334,CAGED Antigo
2008-06-01,52,GO,Centro-Oeste,11879,CAGED Antigo
2008-06-01,53,DF,Centro-Oeste,4013,CAGED Antigo
2008-07-01,11,RO,Norte,908,CAGED Antigo
2008-07-01,12,AC,Norte,343,CAGED Antigo
2008-07-01,13,AM,Norte,3529,CAGED Antigo
2008-07-01,14,RR,Norte,-192,CAGED Antigo
2008-07-01,15,PA,Norte,3711,CAGED Antigo
2008-07-01,16,AP,Norte,240,CAGED Antigo
2008-07-01,17,TO,Norte,204,CAGED Antigo
2008-07-01,21,MA,Nordeste,5300,CAGED Antigo
2008-07-01,22,PI,Nordeste,993,CAGED Antigo
2008-07-01,23,CE,Nordeste,10629,CAGED Antigo
2008-07-01,24,RN,Nordeste,4343,CAGED Antigo
2008-07-01,25,PB,Nordeste,3486,CAGED Antigo
2008-07-01,26,PE,Nordeste,6382,CAGED Antigo
2008-07-01,27,AL,Nordeste,2218,CAGED Antigo
2008-07-01,28,SE,Nordeste,780,CAGED Antigo
2008-07-01,29,BA,Nordeste,6685,CAGED Antigo
2008-07-01,31,MG,Sudeste,31843,CAGED Antigo
2008-07-01,32,ES,Sudeste,1854,CAGED Antigo
2008-07-01,33,RJ,Sudeste,19014,CAGED Antigo
2008-07-01,35,SP,Sudeste,64065,CAGED Antigo
2008-07-01,41,PR,Sul,13635,CAGED Antigo
2008-07-01,42,SC,Sul,7585,CAGED Antigo
2008-07-01,43,RS,Sul,4522,CAGED Antigo
2008-07-01,50,MS,Centro-Oeste,-948,CAGED Antigo
2008-07-01,51,MT,Centro-Oeste,5787,CAGED Antigo
2008-07-01,52,GO,Centro-Oeste,4822,CAGED Antigo
2008-07-01,53,DF,Centro-Oeste,1480,CAGED Antigo
2008-09-01,11,RO,Norte,1466,CAGED Antigo
2008-09-01,12,AC,Norte,220,CAGED Antigo
2008-09-01,13,AM,Norte,4077,CAGED Antigo
2008-09-01,14,RR,Norte,46,CAGED Antigo
2008-09-01,15,PA,Norte,3544,CAGED Antigo
2008-09-01,16,AP,Norte,288,CAGED Antigo
2008-09-01,17,TO,Norte,565,CAGED Antigo
2008-09-01,21,MA,Nordeste,4165,CAGED Antigo
2008-09-01,22,PI,Nordeste,2118,CAGED Antigo
2008-09-01,23,CE,Nordeste,7596,CAGED Antigo
2008-09-01,24,RN,Nordeste,4593,CAGED Antigo
2008-09-01,25,PB,Nordeste,3567,CAGED Antigo
2008-09-01,26,PE,Nordeste,38142,CAGED Antigo
2008-09-01,27,AL,Nordeste,36752,CAGED Antigo
2008-09-01,28,SE,Nordeste,3565,CAGED Antigo
2008-09-01,29,BA,Nordeste,5313,CAGED Antigo
2008-09-01,31,MG,Sudeste,12040,CAGED Antigo
2008-09-01,32,ES,Sudeste,5214,CAGED Antigo
2008-09-01,33,RJ,Sudeste,22444,CAGED Antigo
2008-09-01,35,SP,Sudeste,72268,CAGED Antigo
2008-09-01,41,PR,Sul,17404,CAGED Antigo
2008-09-01,42,SC,Sul,12374,CAGED Antigo
2008-09-01,43,RS,Sul,10540,CAGED Antigo
2008-09-01,50,MS,Centro-Oeste,2186,CAGED Antigo
2008-09-01,51,MT,Centro-Oeste,3396,CAGED Antigo
2008-09-01,52,GO,Centro-Oeste,6083,CAGED Antigo
2008-09-01,53,DF,Centro-Oeste,2875,CAGED Antigo
2008-10-01,11,RO,Norte,612,CAGED Antigo
2008-10-01,12,AC,Norte,-19,CAGED Antigo
2008-10-01,13,AM,Norte,-453,CAGED Antigo
2008-10-01,14,RR,Norte,266,CAGED Antigo
2008-10-01,15,PA,Norte,183,CAGED Antigo
2008-10-01,16,AP,Norte,524,CAGED Antigo
2008-10-01,17,TO,Norte,-751,CAGED Antigo
2008-10-01,21,MA,Nordeste,818,CAGED Antigo
2008-10-01,22,PI,Nordeste,1784,CAGED Antigo
2008-10-01,23,CE,Nordeste,4300,CAGED Antigo
2008-10-01,24,RN,Nordeste,1424,CAGED Antigo
2008-10-01,25,PB,Nordeste,1646,CAGED Antigo
2008-10-01,26,PE,Nordeste,4945,CAGED Antigo
2008-10-01,27,AL,Nordeste,6388,CAGED Antigo
2008-10-01,28,SE,Nordeste,2044,CAGED Antigo
2008-10-01,29,BA,Nordeste,-6446,CAGED Antigo
2008-10-01,31,MG,Sudeste,-29438,CAGED Antigo
2008-10-01,32,ES,Sudeste,1145,CAGED Antigo
2008-10-01,33,RJ,Sudeste,14240,CAGED Antigo
2008-10-01,35,SP,Sudeste,34353,CAGED Antigo
2008-10-01,41,PR,Sul,6001,CAGED Antigo
2008-10-01,42,SC,Sul,8976,CAGED Antigo
2008-10-01,43,RS,Sul,8873,CAGED Antigo
2008-10-01,50,MS,Centro-Oeste,1405,CAGED Antigo
2008-10-01,51,MT,Centro-Oeste,-250,CAGED Antigo
2008-10-01,52,GO,Centro-Oeste,-2338,CAGED Antigo
2008-10-01,53,DF,Centro-Oeste,1169,CAGED Antigo
2008-11-01,11,RO,Norte,379,CAGED Antigo
2008-11-01,12,AC,Norte,-340,CAGED Antigo
2008-11-01,13,AM,Norte,-4196,CAGED Antigo
2008-11-01,14,RR,Norte,270,CAGED Antigo
2008-11-01,15,PA,Norte,-1899,CAGED Antigo
2008-11-01,16,AP,Norte,381,CAGED Antigo
2008-11-01,17,TO,Norte,-1971,CAGED Antigo
2008-11-01,21,MA,Nordeste,-919,CAGED Antigo
2008-11-01,22,PI,Nordeste,180,CAGED Antigo
2008-11-01,23,CE,Nordeste,4245,CAGED Antigo
2008-11-01,24,RN,Nordeste,-118,CAGED Antigo
2008-11-01,25,PB,Nordeste,1447,CAGED Antigo
2008-11-01,26,PE,Nordeste,2802,CAGED Antigo
2008-11-01,27,AL,Nordeste,-767,CAGED Antigo
2008-11-01,28,SE,Nordeste,1770,CAGED Antigo
2008-11-01,29,BA,Nordeste,-353,CAGED Antigo
2008-11-01,31,MG,Sudeste,-33921,CAGED Antigo
2008-11-01,32,ES,Sudeste,-1139,CAGED Antigo
2008-11-01,33,RJ,Sudeste,17547,CAGED Antigo
2008-11-01,35,SP,Sudeste,-20884,CAGED Antigo
2008-11-01,41,PR,Sul,-172,CAGED Antigo
2008-11-01,42,SC,Sul,3847,CAGED Antigo
2008-11-01,43,RS,Sul,8036,CAGED Antigo
2008-11-01,50,MS,Centro-Oeste,-1689,CAGED Antigo
2008-11-01,51,MT,Centro-Oeste,-8025,CAGED Antigo
2008-11-01,52,GO,Centro-Oeste,-6238,CAGED Antigo
2008-11-01,53,DF,Centro-Oeste,906,CAGED Antigo
2008-12-01,11,RO,Norte,-3183,CAGED Antigo
2008-12-01,12,AC,Norte,-1480,CAGED Antigo
2008-12-01,13,AM,Norte,-13070,CAGED Antigo
2008-12-01,14,RR,Norte,-304,CAGED Antigo
2008-12-01,15,PA,Norte,-11375,CAGED Antigo
2008-12-01,16,AP,Norte,-702,CAGED Antigo
2008-12-01,17,TO,Norte,-3328,CAGED Antigo
2008-12-01,21,MA,Nordeste,-5711,CAGED Antigo
2008-12-01,22,PI,Nordeste,-2337,CAGED Antigo
2008-12-01,23,CE,Nordeste,-5759,CAGED Antigo
2008-12-01,24,RN,Nordeste,-4403,CAGED Antigo
2008-12-01,25,PB,Nordeste,-2400,CAGED Antigo
2008-12-01,26,PE,Nordeste,-8408,CAGED Antigo
2008-12-01,27,AL,Nordeste,-2795,CAGED Antigo
2008-12-01,28,SE,Nordeste,-2480,CAGED Antigo
2008-12-01,29,BA,Nordeste,-15225,CAGED Antigo
2008-12-01,31,MG,Sudeste,-88062,CAGED Antigo
2008-12-01,32,ES,Sudeste,-12294,CAGED Antigo
2008-12-01,33,RJ,Sudeste,-19342,CAGED Antigo
2008-12-01,35,SP,Sudeste,-285532,CAGED Antigo
2008-12-01,41,PR,Sul,-49822,CAGED Antigo
2008-12-01,42,SC,Sul,-27843,CAGED Antigo
2008-12-01,43,RS,Sul,-27678,CAGED Antigo
2008-12-01,50,MS,Centro-Oeste,-15103,CAGED Antigo
2008-12-01,51,MT,Centro-Oeste,-15322,CAGED Antigo
2008-12-01,52,GO,Centro-Oeste,-26814,CAGED Antigo
2008-12-01,53,DF,Centro-Oeste,-4174,CAGED Antigo
2009-01-01,11,RO,Norte,1060,CAGED Antigo
2009-01-01,12,AC,Norte,-67,CAGED Antigo
2009-01-01,13,AM,Norte,-6302,CAGED Antigo
2009-01-01,14,RR,Norte,106,CAGED Antigo
2009-01-01,15,PA,Norte,-3532,CAGED Antigo
2009-01-01,16,AP,Norte,-666,CAGED Antigo
2009-01-01,17,TO,Norte,-168,CAGED Antigo
2009-01-01,21,MA,Nordeste,-3202,CAGED Antigo
2009-01-01,22,PI,Nordeste,-601,CAGED Antigo
2009-01-01,23,CE,Nordeste,-6861,CAGED Antigo
2009-01-01,24,RN,Nordeste,-2977,CAGED Antigo
2009-01-01,25,PB,Nordeste,-290,CAGED Antigo
2009-01-01,26,PE,Nordeste,-7972,CAGED Antigo
2009-01-01,27,AL,Nordeste,-1184,CAGED Antigo
2009-01-01,28,SE,Nordeste,-319,CAGED Antigo
2009-01-01,29,BA,Nordeste,-917,CAGED Antigo
2009-01-01,31,MG,Sudeste,-26800,CAGED Antigo
2009-01-01,32,ES,Sudeste,-3725,CAGED Antigo
2009-01-01,33,RJ,Sudeste,-16538,CAGED Antigo
2009-01-01,35,SP,Sudeste,-38676,CAGED Antigo
2009-01-01,41,PR,Sul,1592,CAGED Antigo
2009-01-01,42,SC,Sul,6407,CAGED Antigo
2009-01-01,43,RS,Sul,2798,CAGED Antigo
2009-01-01,50,MS,Centro-Oeste,2102,CAGED Antigo
2009-01-01,51,MT,Centro-Oeste,3324,CAGED Antigo
2009-01-01,52,GO,Centro-Oeste,1835,CAGED Antigo
2009-01-01,53,DF,Centro-Oeste,-175,CAGED Antigo
2009-02-01,11,RO,Norte,1598,CAGED Antigo
2009-02-01,12,AC,Norte,-39,CAGED Antigo
2009-02-01,13,AM,Norte,-6360,CAGED Antigo
2009-02-01,14,RR,Norte,37,CAGED Antigo
2009-02-01,15,PA,Norte,-2484,CAGED Antigo
2009-02-01,16,AP,Norte,-8,CAGED Antigo
2009-02-01,17,TO,Norte,1027,CAGED Antigo
2009-02-01,21,MA,Nordeste,-1243,CAGED Antigo
2009-02-01,22,PI,Nordeste,-249,CAGED Antigo
2009-02-01,23,CE,Nordeste,-473,CAGED Antigo
2009-02-01,24,RN,Nordeste,-5389,CAGED Antigo
2009-02-01,25,PB,Nordeste,-4836,CAGED Antigo
2009-02-01,26,PE,Nordeste,-977,CAGED Antigo
2009-02-01,27,AL,Nordeste,-4986,CAGED Antigo
2009-02-01,28,SE,Nordeste,1039,CAGED Antigo
2009-02-01,29,BA,Nordeste,422,CAGED Antigo
2009-02-01,31,MG,Sudeste,-869,CAGED Antigo
2009-02-01,32,ES,Sudeste,-370,CAGED Antigo
2009-02-01,33,RJ,Sudeste,5480,CAGED Antigo
2009-02-01,35,SP,Sudeste,-95,CAGED Antigo
2009-02-01,41,PR,Sul,2494,CAGED Antigo
2009-02-01,42,SC,Sul,5674,CAGED Antigo
2009-02-01,43,RS,Sul,747,CAGED Antigo
2009-02-01,50,MS,Centro-Oeste,2208,CAGED Antigo
2009-02-01,51,MT,Centro-Oeste,5378,CAGED Antigo
2009-02-01,52,GO,Centro-Oeste,8058,CAGED Antigo
2009-02-01,53,DF,Centro-Oeste,3395,CAGED Antigo
2009-03-01,11,RO,Norte,1299,CAGED Antigo
2009-03-01,12,AC,Norte,-140,CAGED Antigo
2009-03-01,13,AM,Norte,-1280,CAGED Antigo
2009-03-01,14,RR,Norte,72,CAGED Antigo
2009-03-01,15,PA,Norte,-5643,CAGED Antigo
2009-03-01,16,AP,Norte,-101,CAGED Antigo
2009-03-01,17,TO,Norte,192,CAGED Antigo
2009-03-01,21,MA,Nordeste,-402,CAGED Antigo
2009-03-01,22,PI,Nordeste,150,CAGED Antigo
2009-03-01,23,CE,Nordeste,1372,CAGED Antigo
2009-03-01,24,RN,Nordeste,-2470,CAGED Antigo
2009-03-01,25,PB,Nordeste,-4190,CAGED Antigo
2009-03-01,26,PE,Nordeste,-22252,CAGED Antigo
2009-03-01,27,AL,Nordeste,-15582,CAGED Antigo
2009-03-01,28,SE,Nordeste,-1331,CAGED Antigo
2009-03-01,29,BA,Nordeste,4497,CAGED Antigo
2009-03-01,31,MG,Sudeste,9399,CAGED Antigo
2009-03-01,32,ES,Sudeste,489,CAGED Antigo
2009-03-01,33,RJ,Sudeste,6158,CAGED Antigo
2009-03-01,35,SP,Sudeste,34231,CAGED Antigo
2009-03-01,41,PR,Sul,10842,CAGED Antigo
2009-03-01,42,SC,Sul,-293,CAGED Antigo
2009-03-01,43,RS,Sul,4734,CAGED Antigo
2009-03-01,50,MS,Centro-Oeste,4940,CAGED Antigo
2009-03-01,51,MT,Centro-Oeste,-1078,CAGED Antigo
2009-03-01,52,GO,Centro-Oeste,7914,CAGED Antigo
2009-03-01,53,DF,Centro-Oeste,3291,CAGED Antigo
2009-04-01,11,RO,Norte,2074,CAGED Antigo
2009-04-01,12,AC,Norte,593,CAGED Antigo
2009-04-01,13,AM,Norte,-1069,CAGED Antigo
2009-04-01,14,RR,Norte,81,CAGED Antigo
2009-04-01,15,PA,Norte,-2143,CAGED Antigo
2009-04-01,16,AP,Norte,498,CAGED Antigo
2009-04-01,17,TO,Norte,618,CAGED Antigo
2009-04-01,21,MA,Nordeste,-879,CAGED Antigo
2009-04-01,22,PI,Nordeste,276,CAGED Antigo
2009-04-01,23,CE,Nordeste,3230,CAGED Antigo
2009-04-01,24,RN,Nordeste,-2627,CAGED Antigo
2009-04-01,25,PB,Nordeste,-131,CAGED Antigo
2009-04-01,26,PE,Nordeste,-10985,CAGED Antigo
2009-04-01,27,AL,Nordeste,-16680,CAGED Antigo
2009-04-01,28,SE,Nordeste,-743,CAGED Antigo
2009-04-01,29,BA,Nordeste,3917,CAGED Antigo
2009-04-01,31,MG,Sudeste,15602,CAGED Antigo
2009-04-01,32,ES,Sudeste,4749,CAGED Antigo
2009-04-01,33,RJ,Sudeste,6692,CAGED Antigo
2009-04-01,35,SP,Sudeste,72022,CAGED Antigo
2009-04-01,41,PR,Sul,7937,CAGED Antigo
2009-04-01,42,SC,Sul,836,CAGED Antigo
2009-04-01,43,RS,Sul,2935,CAGED Antigo
2009-04-01,50,MS,Centro-Oeste,314,CAGED Antigo
2009-04-01,51,MT,Centro-Oeste,-554,CAGED Antigo
2009-04-01,52,GO,Centro-Oeste,14662,CAGED Antigo
2009-04-01,53,DF,Centro-Oeste,4980,CAGED Antigo
2009-05-01,11,RO,Norte,5361,CAGED Antigo
2009-05-01,12,AC,Norte,443,CAGED Antigo
2009-05-01,13,AM,Norte,-148,CAGED Antigo
2009-05-01,14,RR,Norte,49,CAGED Antigo
2009-05-01,15,PA,Norte,-682,CAGED Antigo
2009-05-01,16,AP,Norte,-6,CAGED Antigo
2009-05-01,17,TO,Norte,22,CAGED Antigo
2009-05-01,21,MA,Nordeste,-1226,CAGED Antigo
2009-05-01,22,PI,Nordeste,1034,CAGED Antigo
2009-05-01,23,CE,Nordeste,2153,CAGED Antigo
2009-05-01,24,RN,Nordeste,-1792,CAGED Antigo
2009-05-01,25,PB,Nordeste,1049,CAGED Antigo
2009-05-01,26,PE,Nordeste,5324,CAGED Antigo
2009-05-01,27,AL,Nordeste,-1000,CAGED Antigo
2009-05-01,28,SE,Nordeste,-871,CAGED Antigo
2009-05-01,29,BA,Nordeste,9060,CAGED Antigo
2009-05-01,31,MG,Sudeste,37518,CAGED Antigo
2009-05-01,32,ES,Sudeste,10061,CAGED Antigo
2009-05-01,33,RJ,Sudeste,7920,CAGED Antigo
2009-05-01,35,SP,Sudeste,44521,CAGED Antigo
2009-05-01,41,PR,Sul,11682,CAGED Antigo
2009-05-01,42,SC,Sul,-2072,CAGED Antigo
2009-05-01,43,RS,Sul,-4076,CAGED Antigo
2009-05-01,50,MS,Centro-Oeste,1312,CAGED Antigo
2009-05-01,51,MT,Centro-Oeste,773,CAGED Antigo
2009-05-01,52,GO,Centro-Oeste,5103,CAGED Antigo
2009-05-01,53,DF,Centro-Oeste,45,CAGED Antigo
2009-07-01,11,RO,Norte,2683,CAGED Antigo
2009-07-01,12,AC,Norte,330,CAGED Antigo
2009-07-01,13,AM,Norte,2794,CAGED Antigo
2009-07-01,14,RR,Norte,-61,CAGED Antigo
2009-07-01,15,PA,Norte,4450,CAGED Antigo
2009-07-01,16,AP,Norte,-3,CAGED Antigo
2009-07-01,17,TO,Norte,835,CAGED Antigo
2009-07-01,21,MA,Nordeste,1195,CAGED Antigo
2009-07-01,22,PI,Nordeste,1401,CAGED Antigo
2009-07-01,23,CE,Nordeste,9523,CAGED Antigo
2009-07-01,24,RN,Nordeste,2899,CAGED Antigo
2009-07-01,25,PB,Nordeste,4271,CAGED Antigo
2009-07-01,26,PE,Nordeste,7485,CAGED Antigo
2009-07-01,27,AL,Nordeste,1559,CAGED Antigo
2009-07-01,28,SE,Nordeste,1166,CAGED Antigo
2009-07-01,29,BA,Nordeste,9792,CAGED Antigo
2009-07-01,31,MG,Sudeste,2983,CAGED Antigo
2009-07-01,32,ES,Sudeste,-99,CAGED Antigo
2009-07-01,33,RJ,Sudeste,9649,CAGED Antigo
2009-07-01,35,SP,Sudeste,52811,CAGED Antigo
2009-07-01,41,PR,Sul,6922,CAGED Antigo
2009-07-01,42,SC,Sul,5183,CAGED Antigo
2009-07-01,43,RS,Sul,-481,CAGED Antigo
2009-07-01,50,MS,Centro-Oeste,-54,CAGED Antigo
2009-07-01,51,MT,Centro-Oeste,4674,CAGED Antigo
2009-07-01,52,GO,Centro-Oeste,4507,CAGED Antigo
2009-07-01,53,DF,Centro-Oeste,1988,CAGED Antigo
2009-09-01,11,RO,Norte,2877,CAGED Antigo
2009-09-01,12,AC,Norte,284,CAGED Antigo
2009-09-01,13,AM,Norte,4587,CAGED Antigo
2009-09-01,14,RR,Norte,463,CAGED Antigo
2009-09-01,15,PA,Norte,4802,CAGED Antigo
2009-09-01,16,AP,Norte,206,CAGED Antigo
2009-09-01,17,TO,Norte,331,CAGED Antigo
2009-09-01,21,MA,Nordeste,917,CAGED Antigo
2009-09-01,22,PI,Nordeste,2431,CAGED Antigo
2009-09-01,23,CE,Nordeste,12966,CAGED Antigo
2009-09-01,24,RN,Nordeste,4421,CAGED Antigo
2009-09-01,25,PB,Nordeste,4643,CAGED Antigo
2009-09-01,26,PE,Nordeste,25045,CAGED Antigo
2009-09-01,27,AL,Nordeste,35566,CAGED Antigo
2009-09-01,28,SE,Nordeste,3688,CAGED Antigo
2009-09-01,29,BA,Nordeste,10765,CAGED Antigo
2009-09-01,31,MG,Sudeste,7451,CAGED Antigo
2009-09-01,32,ES,Sudeste,4207,CAGED Antigo
2009-09-01,33,RJ,Sudeste,14659,CAGED Antigo
2009-09-01,35,SP,Sudeste,59547,CAGED Antigo
2009-09-01,41,PR,Sul,13740,CAGED Antigo
2009-09-01,42,SC,Sul,12717,CAGED Antigo
2009-09-01,43,RS,Sul,14385,CAGED Antigo
2009-09-01,50,MS,Centro-Oeste,2238,CAGED Antigo
2009-09-01,51,MT,Centro-Oeste,2342,CAGED Antigo
2009-09-01,52,GO,Centro-Oeste,5250,CAGED Antigo
2009-09-01,53,DF,Centro-Oeste,2089,CAGED Antigo
2009-12-01,11,RO,Norte,-3308,CAGED Antigo
2009-12-01,12,AC,Norte,-1021,CAGED Antigo
2009-12-01,13,AM,Norte,-7982,CAGED Antigo
2009-12-01,14,RR,Norte,-280,CAGED Antigo
2009-12-01,15,PA,Norte,-4958,CAGED Antigo
2009-12-01,16,AP,Norte,-233,CAGED Antigo
2009-12-01,17,TO,Norte,-1784,CAGED Antigo
2009-12-01,21,MA,Nordeste,-3827,CAGED Antigo
2009-12-01,22,PI,Nordeste,-1954,CAGED Antigo
2009-12-01,23,CE,Nordeste,-356,CAGED Antigo
2009-12-01,24,RN,Nordeste,-1699,CAGED Antigo
2009-12-01,25,PB,Nordeste,-975,CAGED Antigo
2009-12-01,26,PE,Nordeste,-1123,CAGED Antigo
2009-12-01,27,AL,Nordeste,-1181,CAGED Antigo
2009-12-01,28,SE,Nordeste,-163,CAGED Antigo
2009-12-01,29,BA,Nordeste,-4254,CAGED Antigo
2009-12-01,31,MG,Sudeste,-49762,CAGED Antigo
2009-12-01,32,ES,Sudeste,-4723,CAGED Antigo
2009-12-01,33,RJ,Sudeste,-7759,CAGED Antigo
2009-12-01,35,SP,Sudeste,-191186,CAGED Antigo
2009-12-01,41,PR,Sul,-35984,CAGED Antigo
2009-12-01,42,SC,Sul,-24536,CAGED Antigo
2009-12-01,43,RS,Sul,-11724,CAGED Antigo
2009-12-01,50,MS,Centro-Oeste,-7581,CAGED Antigo
2009-12-01,51,MT,Centro-Oeste,-14634,CAGED Antigo
2009-12-01,52,GO,Centro-Oeste,-27454,CAGED Antigo
2009-12-01,53,DF,Centro-Oeste,-4751,CAGED Antigo
2010-01-01,11,RO,Norte,2600,CAGED Antigo
2010-01-01,12,AC,Norte,-202,CAGED Antigo
2010-01-01,13,AM,Norte,1789,CAGED Antigo
2010-01-01,14,RR,Norte,466,CAGED Antigo
2010-01-01,15,PA,Norte,1680,CAGED Antigo
2010-01-01,16,AP,Norte,142,CAGED Antigo
2010-01-01,17,TO,Norte,546,CAGED Antigo
2010-01-01,21,MA,Nordeste,816,CAGED Antigo
2010-01-01,22,PI,Nordeste,1177,CAGED Antigo
2010-01-01,23,CE,Nordeste,-2254,CAGED Antigo
2010-01-01,24,RN,Nordeste,177,CAGED Antigo
2010-01-01,25,PB,Nordeste,62,CAGED Antigo
2010-01-01,26,PE,Nordeste,3614,CAGED Antigo
2010-01-01,27,AL,Nordeste,-913,CAGED Antigo
2010-01-01,28,SE,Nordeste,1294,CAGED Antigo
2010-01-01,29,BA,Nordeste,14424,CAGED Antigo
2010-01-01,31,MG,Sudeste,20492,CAGED Antigo
2010-01-01,32,ES,Sudeste,3590,CAGED Antigo
2010-01-01,33,RJ,Sudeste,4411,CAGED Antigo
2010-01-01,35,SP,Sudeste,51159,CAGED Antigo
2010-01-01,41,PR,Sul,13911,CAGED Antigo
2010-01-01,42,SC,Sul,19290,CAGED Antigo
2010-01-01,43,RS,Sul,18877,CAGED Antigo
2010-01-01,50,MS,Centro-Oeste,1689,CAGED Antigo
2010-01-01,51,MT,Centro-Oeste,8852,CAGED Antigo
2010-01-01,52,GO,Centro-Oeste,10176,CAGED Antigo
2010-01-01,53,DF,Centro-Oeste,3554,CAGED Antigo
2010-02-01,11,RO,Norte,2282,CAGED Antigo
2010-02-01,12,AC,Norte,353,CAGED Antigo
2010-02-01,13,AM,Norte,1870,CAGED Antigo
2010-02-01,14,RR,Norte,340,CAGED Antigo
2010-02-01,15,PA,Norte,4203,CAGED Antigo
2010-02-01,16,AP,Norte,814,CAGED Antigo
2010-02-01,17,TO,Norte,1258,CAGED Antigo
2010-02-01,21,MA,Nordeste,2260,CAGED Antigo
2010-02-01,22,PI,Nordeste,875,CAGED Antigo
2010-02-01,23,CE,Nordeste,5700,CAGED Antigo
2010-02-01,24,RN,Nordeste,-780,CAGED Antigo
2010-02-01,25,PB,Nordeste,-295,CAGED Antigo
2010-02-01,26,PE,Nordeste,-2393,CAGED Antigo
2010-02-01,27,AL,Nordeste,-11195,CAGED Antigo
2010-02-01,28,SE,Nordeste,1886,CAGED Antigo
2010-02-01,29,BA,Nordeste,6088,CAGED Antigo
2010-02-01,31,MG,Sudeste,27503,CAGED Antigo
2010-02-01,32,ES,Sudeste,4099,CAGED Antigo
2010-02-01,33,RJ,Sudeste,8298,CAGED Antigo
2010-02-01,35,SP,Sudeste,80662,CAGED Antigo
2010-02-01,41,PR,Sul,13710,CAGED Antigo
2010-02-01,42,SC,Sul,16111,CAGED Antigo
2010-02-01,43,RS,Sul,19718,CAGED Antigo
2010-02-01,50,MS,Centro-Oeste,3940,CAGED Antigo
2010-02-01,51,MT,Centro-Oeste,7125,CAGED Antigo
2010-02-01,52,GO,Centro-Oeste,10727,CAGED Antigo
2010-02-01,53,DF,Centro-Oeste,4266,CAGED Antigo
2010-03-01,11,RO,Norte,3393,CAGED Antigo
2010-03-01,12,AC,Norte,5,CAGED Antigo
2010-03-01,13,AM,Norte,3061,CAGED Antigo
2010-03-01,14,RR,Norte,189,CAGED Antigo
2010-03-01,15,PA,Norte,750,CAGED Antigo
2010-03-01,16,AP,Norte,-204,CAGED Antigo
2010-03-01,17,TO,Norte,1000,CAGED Antigo
2010-03-01,21,MA,Nordeste,3792,CAGED Antigo
2010-03-01,22,PI,Nordeste,3423,CAGED Antigo
2010-03-01,23,CE,Nordeste,6450,CAGED Antigo
2010-03-01,24,RN,Nordeste,1200,CAGED Antigo
2010-03-01,25,PB,Nordeste,-4017,CAGED Antigo
2010-03-01,26,PE,Nordeste,-13216,CAGED Antigo
2010-03-01,27,AL,Nordeste,-17803,CAGED Antigo
2010-03-01,28,SE,Nordeste,-1534,CAGED Antigo
2010-03-01,29,BA,Nordeste,10226,CAGED Antigo
2010-03-01,31,MG,Sudeste,39804,CAGED Antigo
2010-03-01,32,ES,Sudeste,4054,CAGED Antigo
2010-03-01,33,RJ,Sudeste,21972,CAGED Antigo
2010-03-01,35,SP,Sudeste,125189,CAGED Antigo
2010-03-01,41,PR,Sul,23197,CAGED Antigo
2010-03-01,42,SC,Sul,7017,CAGED Antigo
2010-03-01,43,RS,Sul,28254,CAGED Antigo
2010-03-01,50,MS,Centro-Oeste,4204,CAGED Antigo
2010-03-01,51,MT,Centro-Oeste,-663,CAGED Antigo
2010-03-01,52,GO,Centro-Oeste,13754,CAGED Antigo
2010-03-01,53,DF,Centro-Oeste,2918,CAGED Antigo
2010-04-01,11,RO,Norte,3405,CAGED Antigo
2010-04-01,12,AC,Norte,391,CAGED Antigo
2010-04-01,13,AM,Norte,1428,CAGED Antigo
2010-04-01,14,RR,Norte,173,CAGED Antigo
2010-04-01,15,PA,Norte,2994,CAGED Antigo
2010-04-01,16,AP,Norte,596,CAGED Antigo
2010-04-01,17,TO,Norte,827,CAGED Antigo
2010-04-01,21,MA,Nordeste,5114,CAGED Antigo
2010-04-01,22,PI,Nordeste,2780,CAGED Antigo
2010-04-01,23,CE,Nordeste,7571,CAGED Antigo
2010-04-01,24,RN,Nordeste,1471,CAGED Antigo
2010-04-01,25,PB,Nordeste,-206,CAGED Antigo
2010-04-01,26,PE,Nordeste,-1302,CAGED Antigo
2010-04-01,27,AL,Nordeste,-6668,CAGED Antigo
2010-04-01,28,SE,Nordeste,1588,CAGED Antigo
2010-04-01,29,BA,Nordeste,10590,CAGED Antigo
2010-04-01,31,MG,Sudeste,45030,CAGED Antigo
2010-04-01,32,ES,Sudeste,9258,CAGED Antigo
2010-04-01,33,RJ,Sudeste,15323,CAGED Antigo
2010-04-01,35,SP,Sudeste,119844,CAGED Antigo
2010-04-01,41,PR,Sul,20593,CAGED Antigo
2010-04-01,42,SC,Sul,12341,CAGED Antigo
2010-04-01,43,RS,Sul,20429,CAGED Antigo
2010-04-01,50,MS,Centro-Oeste,4903,CAGED Antigo
2010-04-01,51,MT,Centro-Oeste,3421,CAGED Antigo
2010-04-01,52,GO,Centro-Oeste,17171,CAGED Antigo
2010-04-01,53,DF,Centro-Oeste,6003,CAGED Antigo
2010-08-01,11,RO,Norte,2323,CAGED Antigo
2010-08-01,12,AC,Norte,866,CAGED Antigo
2010-08-01,13,AM,Norte,4239,CAGED Antigo
2010-08-01,14,RR,Norte,427,CAGED Antigo
2010-08-01,15,PA,Norte,6391,CAGED Antigo
2010-08-01,16,AP,Norte,493,CAGED Antigo
2010-08-01,17,TO,Norte,1757,CAGED Antigo
2010-08-01,21,MA,Nordeste,2414,CAGED Antigo
2010-08-01,22,PI,Nordeste,2318,CAGED Antigo
2010-08-01,23,CE,Nordeste,12321,CAGED Antigo
2010-08-01,24,RN,Nordeste,6786,CAGED Antigo
2010-08-01,25,PB,Nordeste,8464,CAGED Antigo
2010-08-01,26,PE,Nordeste,21799,CAGED Antigo
2010-08-01,27,AL,Nordeste,1475,CAGED Antigo
2010-08-01,28,SE,Nordeste,2778,CAGED Antigo
2010-08-01,29,BA,Nordeste,11207,CAGED Antigo
2010-08-01,31,MG,Sudeste,29253,CAGED Antigo
2010-08-01,32,ES,Sudeste,4420,CAGED Antigo
2010-08-01,33,RJ,Sudeste,24921,CAGED Antigo
2010-08-01,35,SP,Sudeste,90633,CAGED Antigo
2010-08-01,41,PR,Sul,21397,CAGED Antigo
2010-08-01,42,SC,Sul,13982,CAGED Antigo
2010-08-01,43,RS,Sul,15675,CAGED Antigo
2010-08-01,50,MS,Centro-Oeste,1948,CAGED Antigo
2010-08-01,51,MT,Centro-Oeste,2277,CAGED Antigo
2010-08-01,52,GO,Centro-Oeste,6805,CAGED Antigo
2010-08-01,53,DF,Centro-Oeste,2046,CAGED Antigo
2010-09-01,11,RO,Norte,2492,CAGED Antigo
2010-09-01,12,AC,Norte,205,CAGED Antigo
2010-09-01,13,AM,Norte,2974,CAGED Antigo
2010-09-01,14,RR,Norte,600,CAGED Antigo
2010-09-01,15,PA,Norte,4605,CAGED Antigo
2010-09-01,16,AP,Norte,330,CAGED Antigo
2010-09-01,17,TO,Norte,94,CAGED Antigo
2010-09-01,21,MA,Nordeste,3198,CAGED Antigo
2010-09-01,22,PI,Nordeste,83,CAGED Antigo
2010-09-01,23,CE,Nordeste,9993,CAGED Antigo
2010-09-01,24,RN,Nordeste,6079,CAGED Antigo
2010-09-01,25,PB,Nordeste,6021,CAGED Antigo
2010-09-01,26,PE,Nordeste,39645,CAGED Antigo
2010-09-01,27,AL,Nordeste,28256,CAGED Antigo
2010-09-01,28,SE,Nordeste,2335,CAGED Antigo
2010-09-01,29,BA,Nordeste,10287,CAGED Antigo
2010-09-01,31,MG,Sudeste,8448,CAGED Antigo
2010-09-01,32,ES,Sudeste,2560,CAGED Antigo
2010-09-01,33,RJ,Sudeste,21649,CAGED Antigo
2010-09-01,35,SP,Sudeste,53572,CAGED Antigo
2010-09-01,41,PR,Sul,14038,CAGED Antigo
2010-09-01,42,SC,Sul,12704,CAGED Antigo
2010-09-01,43,RS,Sul,11139,CAGED Antigo
2010-09-01,50,MS,Centro-Oeste,1444,CAGED Antigo
2010-09-01,51,MT,Centro-Oeste,443,CAGED Antigo
2010-09-01,52,GO,Centro-Oeste,-509,CAGED Antigo
2010-09-01,53,DF,Centro-Oeste,4190,CAGED Antigo
2010-11-01,11,RO,Norte,1052,CAGED Antigo
2010-11-01,12,AC,Norte,-423,CAGED Antigo
2010-11-01,13,AM,Norte,1410,CAGED Antigo
2010-11-01,14,RR,Norte,277,CAGED Antigo
2010-11-01,15,PA,Norte,3427,CAGED Antigo
2010-11-01,16,AP,Norte,15,CAGED Antigo
2010-11-01,17,TO,Norte,-719,CAGED Antigo
2010-11-01,21,MA,Nordeste,1887,CAGED Antigo
2010-11-01,22,PI,Nordeste,478,CAGED Antigo
2010-11-01,23,CE,Nordeste,6850,CAGED Antigo
2010-11-01,24,RN,Nordeste,2203,CAGED Antigo
2010-11-01,25,PB,Nordeste,2386,CAGED Antigo
2010-11-01,26,PE,Nordeste,6001,CAGED Antigo
2010-11-01,27,AL,Nordeste,4134,CAGED Antigo
2010-11-01,28,SE,Nordeste,2552,CAGED Antigo
2010-11-01,29,BA,Nordeste,10681,CAGED Antigo
2010-11-01,31,MG,Sudeste,12093,CAGED Antigo
2010-11-01,32,ES,Sudeste,3057,CAGED Antigo
2010-11-01,33,RJ,Sudeste,31965,CAGED Antigo
2010-11-01,35,SP,Sudeste,4999,CAGED Antigo
2010-11-01,41,PR,Sul,10253,CAGED Antigo
2010-11-01,42,SC,Sul,12761,CAGED Antigo
2010-11-01,43,RS,Sul,21729,CAGED Antigo
2010-11-01,50,MS,Centro-Oeste,985,CAGED Antigo
2010-11-01,51,MT,Centro-Oeste,-3032,CAGED Antigo
2010-11-01,52,GO,Centro-Oeste,-1487,CAGED Antigo
2010-11-01,53,DF,Centro-Oeste,2713,CAGED Antigo
2011-01-01,11,RO,Norte,380,CAGED Antigo
2011-01-01,12,AC,Norte,-335,CAGED Antigo
2011-01-01,13,AM,Norte,3118,CAGED Antigo
2011-01-01,14,RR,Norte,209,CAGED Antigo
2011-01-01,15,PA,Norte,855,CAGED Antigo
2011-01-01,16,AP,Norte,-206,CAGED Antigo
2011-01-01,17,TO,Norte,-41,CAGED Antigo
2011-01-01,21,MA,Nordeste,-1060,CAGED Antigo
2011-01-01,22,PI,Nordeste,154,CAGED Antigo
2011-01-01,23,CE,Nordeste,-956,CAGED Antigo
2011-01-01,24,RN,Nordeste,-2243,CAGED Antigo
2011-01-01,25,PB,Nordeste,-1112,CAGED Antigo
2011-01-01,26,PE,Nordeste,-5957,CAGED Antigo
2011-01-01,27,AL,Nordeste,1395,CAGED Antigo
2011-01-01,28,SE,Nordeste,1730,CAGED Antigo
2011-01-01,29,BA,Nordeste,7438,CAGED Antigo
2011-01-01,31,MG,Sudeste,13846,CAGED Antigo
2011-01-01,32,ES,Sudeste,1776,CAGED Antigo
2011-01-01,33,RJ,Sudeste,1127,CAGED Antigo
2011-01-01,35,SP,Sudeste,54346,CAGED Antigo
2011-01-01,41,PR,Sul,14954,CAGED Antigo
2011-01-01,42,SC,Sul,16889,CAGED Antigo
2011-01-01,43,RS,Sul,17232,CAGED Antigo
2011-01-01,50,MS,Centro-Oeste,3568,CAGED Antigo
2011-01-01,51,MT,Centro-Oeste,7837,CAGED Antigo
2011-01-01,52,GO,Centro-Oeste,13025,CAGED Antigo
2011-01-01,53,DF,Centro-Oeste,4122,CAGED Antigo
2011-02-01,11,RO,Norte,3920,CAGED Antigo
2011-02-01,12,AC,Norte,429,CAGED Antigo
2011-02-01,13,AM,Norte,4718,CAGED Antigo
2011-02-01,14,RR,Norte,127,CAGED Antigo
2011-02-01,15,PA,Norte,4208,CAGED Antigo
2011-02-01,16,AP,Norte,72,CAGED Antigo
2011-02-01,17,TO,Norte,1053,CAGED Antigo
2011-02-01,21,MA,Nordeste,1160,CAGED Antigo
2011-02-01,22,PI,Nordeste,182,CAGED Antigo
2011-02-01,23,CE,Nordeste,5793,CAGED Antigo
2011-02-01,24,RN,Nordeste,-127,CAGED Antigo
2011-02-01,25,PB,Nordeste,-3581,CAGED Antigo
2011-02-01,26,PE,Nordeste,2069,CAGED Antigo
2011-02-01,27,AL,Nordeste,-488,CAGED Antigo
2011-02-01,28,SE,Nordeste,1294,CAGED Antigo
2011-02-01,29,BA,Nordeste,3127,CAGED Antigo
2011-02-01,31,MG,Sudeste,36053,CAGED Antigo
2011-02-01,32,ES,Sudeste,3746,CAGED Antigo
2011-02-01,33,RJ,Sudeste,19921,CAGED Antigo
2011-02-01,35,SP,Sudeste,105803,CAGED Antigo
2011-02-01,41,PR,Sul,19801,CAGED Antigo
2011-02-01,42,SC,Sul,18914,CAGED Antigo
2011-02-01,43,RS,Sul,20380,CAGED Antigo
2011-02-01,50,MS,Centro-Oeste,5391,CAGED Antigo
2011-02-01,51,MT,Centro-Oeste,10558,CAGED Antigo
2011-02-01,52,GO,Centro-Oeste,13225,CAGED Antigo
2011-02-01,53,DF,Centro-Oeste,3051,CAGED Antigo
2011-04-01,11,RO,Norte,938,CAGED Antigo
2011-04-01,12,AC,Norte,354,CAGED Antigo
2011-04-01,13,AM,Norte,4346,CAGED Antigo
2011-04-01,14,RR,Norte,-128,CAGED Antigo
2011-04-01,15,PA,Norte,3018,CAGED Antigo
2011-04-01,16,AP,Norte,469,CAGED Antigo
2011-04-01,17,TO,Norte,654,CAGED Antigo
2011-04-01,21,MA,Nordeste,1935,CAGED Antigo
2011-04-01,22,PI,Nordeste,2496,CAGED Antigo
2011-04-01,23,CE,Nordeste,6605,CAGED Antigo
2011-04-01,24,RN,Nordeste,371,CAGED Antigo
2011-04-01,25,PB,Nordeste,1902,CAGED Antigo
2011-04-01,26,PE,Nordeste,-1964,CAGED Antigo
2011-04-01,27,AL,Nordeste,-16134,CAGED Antigo
2011-04-01,28,SE,Nordeste,-1139,CAGED Antigo
2011-04-01,29,BA,Nordeste,10623,CAGED Antigo
2011-04-01,31,MG,Sudeste,36354,CAGED Antigo
2011-04-01,32,ES,Sudeste,8814,CAGED Antigo
2011-04-01,33,RJ,Sudeste,25756,CAGED Antigo
2011-04-01,35,SP,Sudeste,119133,CAGED Antigo
2011-04-01,41,PR,Sul,20837,CAGED Antigo
2011-04-01,42,SC,Sul,8751,CAGED Antigo
2011-04-01,43,RS,Sul,16997,CAGED Antigo
2011-04-01,50,MS,Centro-Oeste,2006,CAGED Antigo
2011-04-01,51,MT,Centro-Oeste,1817,CAGED Antigo
2011-04-01,52,GO,Centro-Oeste,12170,CAGED Antigo
2011-04-01,53,DF,Centro-Oeste,5244,CAGED Antigo
2011-05-01,11,RO,Norte,345,CAGED Antigo
2011-05-01,12,AC,Norte,228,CAGED Antigo
2011-05-01,13,AM,Norte,2994,CAGED Antigo
2011-05-01,14,RR,Norte,-679,CAGED Antigo
2011-05-01,15,PA,Norte,1158,CAGED Antigo
2011-05-01,16,AP,Norte,198,CAGED Antigo
2011-05-01,17,TO,Norte,323,CAGED Antigo
2011-05-01,21,MA,Nordeste,24,CAGED Antigo
2011-05-01,22,PI,Nordeste,1155,CAGED Antigo
2011-05-01,23,CE,Nordeste,2605,CAGED Antigo
2011-05-01,24,RN,Nordeste,-155,CAGED Antigo
2011-05-01,25,PB,Nordeste,819,CAGED Antigo
2011-05-01,26,PE,Nordeste,9860,CAGED Antigo
2011-05-01,27,AL,Nordeste,-2228,CAGED Antigo
2011-05-01,28,SE,Nordeste,1304,CAGED Antigo
2011-05-01,29,BA,Nordeste,11710,CAGED Antigo
2011-05-01,31,MG,Sudeste,56977,CAGED Antigo
2011-05-01,32,ES,Sudeste,12519,CAGED Antigo
2011-05-01,33,RJ,Sudeste,18603,CAGED Antigo
2011-05-01,35,SP,Sudeste,86737,CAGED Antigo
2011-05-01,41,PR,Sul,16789,CAGED Antigo
2011-05-01,42,SC,Sul,4498,CAGED Antigo
2011-05-01,43,RS,Sul,4454,CAGED Antigo
2011-05-01,50,MS,Centro-Oeste,5947,CAGED Antigo
2011-05-01,51,MT,Centro-Oeste,3626,CAGED Antigo
2011-05-01,52,GO,Centro-Oeste,12218,CAGED Antigo
2011-05-01,53,DF,Centro-Oeste,38,CAGED Antigo
2011-06-01,11,RO,Norte,1107,CAGED Antigo
2011-06-01,12,AC,Norte,939,CAGED Antigo
2011-06-01,13,AM,Norte,4873,CAGED Antigo
2011-06-01,14,RR,Norte,-22,CAGED Antigo
2011-06-01,15,PA,Norte,4202,CAGED Antigo
2011-06-01,16,AP,Norte,652,CAGED Antigo
2011-06-01,17,TO,Norte,171,CAGED Antigo
2011-06-01,21,MA,Nordeste,4683,CAGED Antigo
2011-06-01,22,PI,Nordeste,1702,CAGED Antigo
2011-06-01,23,CE,Nordeste,4084,CAGED Antigo
2011-06-01,24,RN,Nordeste,1407,CAGED Antigo
2011-06-01,25,PB,Nordeste,2504,CAGED Antigo
2011-06-01,26,PE,Nordeste,11328,CAGED Antigo
2011-06-01,27,AL,Nordeste,1450,CAGED Antigo
2011-06-01,28,SE,Nordeste,1028,CAGED Antigo
2011-06-01,29,BA,Nordeste,11767,CAGED Antigo
2011-06-01,31,MG,Sudeste,45021,CAGED Antigo
2011-06-01,32,ES,Sudeste,-1693,CAGED Antigo
2011-06-01,33,RJ,Sudeste,19756,CAGED Antigo
2011-06-01,35,SP,Sudeste,61208,CAGED Antigo
2011-06-01,41,PR,Sul,6777,CAGED Antigo
2011-06-01,42,SC,Sul,2999,CAGED Antigo
2011-06-01,43,RS,Sul,6287,CAGED Antigo
2011-06-01,50,MS,Centro-Oeste,3577,CAGED Antigo
2011-06-01,51,MT,Centro-Oeste,9832,CAGED Antigo
2011-06-01,52,GO,Centro-Oeste,8411,CAGED Antigo
2011-06-01,53,DF,Centro-Oeste,1343,CAGED Antigo
2011-07-01,11,RO,Norte,1310,CAGED Antigo
2011-07-01,12,AC,Norte,499,CAGED Antigo
2011-07-01,13,AM,Norte,4504,CAGED Antigo
2011-07-01,14,RR,Norte,148,CAGED Antigo
2011-07-01,15,PA,Norte,6770,CAGED Antigo
2011-07-01,16,AP,Norte,650,CAGED Antigo
2011-07-01,17,TO,Norte,415,CAGED Antigo
2011-07-01,21,MA,Nordeste,3021,CAGED Antigo
2011-07-01,22,PI,Nordeste,902,CAGED Antigo
2011-07-01,23,CE,Nordeste,7820,CAGED Antigo
2011-07-01,24,RN,Nordeste,1293,CAGED Antigo
2011-07-01,25,PB,Nordeste,1190,CAGED Antigo
2011-07-01,26,PE,Nordeste,8029,CAGED Antigo
2011-07-01,27,AL,Nordeste,1580,CAGED Antigo
2011-07-01,28,SE,Nordeste,1675,CAGED Antigo
2011-07-01,29,BA,Nordeste,2033,CAGED Antigo
2011-07-01,31,MG,Sudeste,7930,CAGED Antigo
2011-07-01,32,ES,Sudeste,1018,CAGED Antigo
2011-07-01,33,RJ,Sudeste,10968,CAGED Antigo
2011-07-01,35,SP,Sudeste,49285,CAGED Antigo
2011-07-01,41,PR,Sul,8830,CAGED Antigo
2011-07-01,42,SC,Sul,3006,CAGED Antigo
2011-07-01,43,RS,Sul,5208,CAGED Antigo
2011-07-01,50,MS,Centro-Oeste,1592,CAGED Antigo
2011-07-01,51,MT,Centro-Oeste,4517,CAGED Antigo
2011-07-01,52,GO,Centro-Oeste,6055,CAGED Antigo
2011-07-01,53,DF,Centro-Oeste,315,CAGED Antigo
2011-08-01,11,RO,Norte,599,CAGED Antigo
2011-08-01,12,AC,Norte,153,CAGED Antigo
2011-08-01,13,AM,Norte,4182,CAGED Antigo
2011-08-01,14,RR,Norte,415,CAGED Antigo
2011-08-01,15,PA,Norte,6663,CAGED Antigo
2011-08-01,16,AP,Norte,644,CAGED Antigo
2011-08-01,17,TO,Norte,829,CAGED Antigo
2011-08-01,21,MA,Nordeste,3429,CAGED Antigo
2011-08-01,22,PI,Nordeste,1013,CAGED Antigo
2011-08-01,23,CE,Nordeste,8005,CAGED Antigo
2011-08-01,24,RN,Nordeste,4596,CAGED Antigo
2011-08-01,25,PB,Nordeste,10271,CAGED Antigo
2011-08-01,26,PE,Nordeste,18613,CAGED Antigo
2011-08-01,27,AL,Nordeste,3922,CAGED Antigo
2011-08-01,28,SE,Nordeste,2521,CAGED Antigo
2011-08-01,29,BA,Nordeste,7143,CAGED Antigo
2011-08-01,31,MG,Sudeste,-801,CAGED Antigo
2011-08-01,32,ES,Sudeste,2798,CAGED Antigo
2011-08-01,33,RJ,Sudeste,19865,CAGED Antigo
2011-08-01,35,SP,Sudeste,53033,CAGED Antigo
2011-08-01,41,PR,Sul,14251,CAGED Antigo
2011-08-01,42,SC,Sul,7597,CAGED Antigo
2011-08-01,43,RS,Sul,5609,CAGED Antigo
2011-08-01,50,MS,Centro-Oeste,2409,CAGED Antigo
2011-08-01,51,MT,Centro-Oeste,2905,CAGED Antigo
2011-08-01,52,GO,Centro-Oeste,6855,CAGED Antigo
2011-08-01,53,DF,Centro-Oeste,2927,CAGED Antigo
2011-09-01,11,RO,Norte,243,CAGED Antigo
2011-09-01,12,AC,Norte,86,CAGED Antigo
2011-09-01,13,AM,Norte,3319,CAGED Antigo
2011-09-01,14,RR,Norte,748,CAGED Antigo
2011-09-01,15,PA,Norte,5875,CAGED Antigo
2011-09-01,16,AP,Norte,952,CAGED Antigo
2011-09-01,17,TO,Norte,1154,CAGED Antigo
2011-09-01,21,MA,Nordeste,3759,CAGED Antigo
2011-09-01,22,PI,Nordeste,1284,CAGED Antigo
2011-09-01,23,CE,Nordeste,8604,CAGED Antigo
2011-09-01,24,RN,Nordeste,4567,CAGED Antigo
2011-09-01,25,PB,Nordeste,3833,CAGED Antigo
2011-09-01,26,PE,Nordeste,27766,CAGED Antigo
2011-09-01,27,AL,Nordeste,31937,CAGED Antigo
2011-09-01,28,SE,Nordeste,4649,CAGED Antigo
2011-09-01,29,BA,Nordeste,3025,CAGED Antigo
2011-09-01,31,MG,Sudeste,3354,CAGED Antigo
2011-09-01,32,ES,Sudeste,3454,CAGED Antigo
2011-09-01,33,RJ,Sudeste,23903,CAGED Antigo
2011-09-01,35,SP,Sudeste,36396,CAGED Antigo
2011-09-01,41,PR,Sul,13157,CAGED Antigo
2011-09-01,42,SC,Sul,10297,CAGED Antigo
2011-09-01,43,RS,Sul,6504,CAGED Antigo
2011-09-01,50,MS,Centro-Oeste,1635,CAGED Antigo
2011-09-01,51,MT,Centro-Oeste,767,CAGED Antigo
2011-09-01,52,GO,Centro-Oeste,5330,CAGED Antigo
2011-09-01,53,DF,Centro-Oeste,2480,CAGED Antigo
2011-10-01,11,RO,Norte,-33,CAGED Antigo
2011-10-01,12,AC,Norte,-40,CAGED Antigo
2011-10-01,13,AM,Norte,2627,CAGED Antigo
2011-10-01,14,RR,Norte,183,CAGED Antigo
2011-10-01,15,PA,Norte,5963,CAGED Antigo
2011-10-01,16,AP,Norte,673,CAGED Antigo
2011-10-01,17,TO,Norte,779,CAGED Antigo
2011-10-01,21,MA,Nordeste,2064,CAGED Antigo
2011-10-01,22,PI,Nordeste,1494,CAGED Antigo
2011-10-01,23,CE,Nordeste,6250,CAGED Antigo
2011-10-01,24,RN,Nordeste,1941,CAGED Antigo
2011-10-01,25,PB,Nordeste,2056,CAGED Antigo
2011-10-01,26,PE,Nordeste,7421,CAGED Antigo
2011-10-01,27,AL,Nordeste,5938,CAGED Antigo
2011-10-01,28,SE,Nordeste,2239,CAGED Antigo
2011-10-01,29,BA,Nordeste,481,CAGED Antigo
2011-10-01,31,MG,Sudeste,7458,CAGED Antigo
2011-10-01,32,ES,Sudeste,4254,CAGED Antigo
2011-10-01,33,RJ,Sudeste,13259,CAGED Antigo
2011-10-01,35,SP,Sudeste,22879,CAGED Antigo
2011-10-01,41,PR,Sul,11569,CAGED Antigo
2011-10-01,42,SC,Sul,13153,CAGED Antigo
2011-10-01,43,RS,Sul,16522,CAGED Antigo
2011-10-01,50,MS,Centro-Oeste,-1986,CAGED Antigo
2011-10-01,51,MT,Centro-Oeste,481,CAGED Antigo
2011-10-01,52,GO,Centro-Oeste,-4661,CAGED Antigo
2011-10-01,53,DF,Centro-Oeste,3179,CAGED Antigo
2011-11-01,11,RO,Norte,-1511,CAGED Antigo
2011-11-01,12,AC,Norte,-264,CAGED Antigo
2011-11-01,13,AM,Norte,1303,CAGED Antigo
2011-11-01,14,RR,Norte,451,CAGED Antigo
2011-11-01,15,PA,Norte,4226,CAGED Antigo
2011-11-01,16,AP,Norte,496,CAGED Antigo
2011-11-01,17,TO,Norte,169,CAGED Antigo
2011-11-01,21,MA,Nordeste,334,CAGED Antigo
2011-11-01,22,PI,Nordeste,590,CAGED Antigo
2011-11-01,23,CE,Nordeste,4368,CAGED Antigo
2011-11-01,24,RN,Nordeste,1013,CAGED Antigo
2011-11-01,25,PB,Nordeste,2150,CAGED Antigo
2011-11-01,26,PE,Nordeste,5135,CAGED Antigo
2011-11-01,27,AL,Nordeste,2030,CAGED Antigo
2011-11-01,28,SE,Nordeste,1312,CAGED Antigo
2011-11-01,29,BA,Nordeste,3157,CAGED Antigo
2011-11-01,31,MG,Sudeste,5825,CAGED Antigo
2011-11-01,32,ES,Sudeste,1714,CAGED Antigo
2011-11-01,33,RJ,Sudeste,24867,CAGED Antigo
2011-11-01,35,SP,Sudeste,-29145,CAGED Antigo
2011-11-01,41,PR,Sul,5663,CAGED Antigo
2011-11-01,42,SC,Sul,12089,CAGED Antigo
2011-11-01,43,RS,Sul,12875,CAGED Antigo
2011-11-01,50,MS,Centro-Oeste,-1285,CAGED Antigo
2011-11-01,51,MT,Centro-Oeste,-5791,CAGED Antigo
2011-11-01,52,GO,Centro-Oeste,-10466,CAGED Antigo
2011-11-01,53,DF,Centro-Oeste,1430,CAGED Antigo
2011-12-01,11,RO,Norte,-3483,CAGED Antigo
2011-12-01,12,AC,Norte,-795,CAGED Antigo
2011-12-01,13,AM,Norte,-6147,CAGED Antigo
2011-12-01,14,RR,Norte,-240,CAGED Antigo
2011-12-01,15,PA,Norte,-7114,CAGED Antigo
2011-12-01,16,AP,Norte,-59,CAGED Antigo
2011-12-01,17,TO,Norte,-2187,CAGED Antigo
2011-12-01,21,MA,Nordeste,-2980,CAGED Antigo
2011-12-01,22,PI,Nordeste,-3988,CAGED Antigo
2011-12-01,23,CE,Nordeste,-6569,CAGED Antigo
2011-12-01,24,RN,Nordeste,-3098,CAGED Antigo
2011-12-01,25,PB,Nordeste,-1085,CAGED Antigo
2011-12-01,26,PE,Nordeste,-5033,CAGED Antigo
2011-12-01,27,AL,Nordeste,-1860,CAGED Antigo
2011-12-01,28,SE,Nordeste,-1396,CAGED Antigo
2011-12-01,29,BA,Nordeste,-15069,CAGED Antigo
2011-12-01,31,MG,Sudeste,-51493,CAGED Antigo
2011-12-01,32,ES,Sudeste,-4248,CAGED Antigo
2011-12-01,33,RJ,Sudeste,-12707,CAGED Antigo
2011-12-01,35,SP,Sudeste,-144031,CAGED Antigo
2011-12-01,41,PR,Sul,-34186,CAGED Antigo
2011-12-01,42,SC,Sul,-25240,CAGED Antigo
2011-12-01,43,RS,Sul,-22718,CAGED Antigo
2011-12-01,50,MS,Centro-Oeste,-9770,CAGED Antigo
2011-12-01,51,MT,Centro-Oeste,-13793,CAGED Antigo
2011-12-01,52,GO,Centro-Oeste,-21176,CAGED Antigo
2011-12-01,53,DF,Centro-Oeste,-7707,CAGED Antigo
2012-01-01,11,RO,Norte,952,CAGED Antigo
2012-01-01,12,AC,Norte,-240,CAGED Antigo
2012-01-01,13,AM,Norte,-1344,CAGED Antigo
2012-01-01,14,RR,Norte,-344,CAGED Antigo
2012-01-01,15,PA,Norte,630,CAGED Antigo
2012-01-01,16,AP,Norte,133,CAGED Antigo
2012-01-01,17,TO,Norte,691,CAGED Antigo
2012-01-01,21,MA,Nordeste,-900,CAGED Antigo
2012-01-01,22,PI,Nordeste,218,CAGED Antigo
2012-01-01,23,CE,Nordeste,-2664,CAGED Antigo
2012-01-01,24,RN,Nordeste,-784,CAGED Antigo
2012-01-01,25,PB,Nordeste,165,CAGED Antigo
2012-01-01,26,PE,Nordeste,1381,CAGED Antigo
2012-01-01,27,AL,Nordeste,-263,CAGED Antigo
2012-01-01,28,SE,Nordeste,1781,CAGED Antigo
2012-01-01,29,BA,Nordeste,6861,CAGED Antigo
2012-01-01,31,MG,Sudeste,16542,CAGED Antigo
2012-01-01,32,ES,Sudeste,1488,CAGED Antigo
2012-01-01,33,RJ,Sudeste,-594,CAGED Antigo
2012-01-01,35,SP,Sudeste,28327,CAGED Antigo
2012-01-01,41,PR,Sul,14653,CAGED Antigo
2012-01-01,42,SC,Sul,16401,CAGED Antigo
2012-01-01,43,RS,Sul,13110,CAGED Antigo
2012-01-01,50,MS,Centro-Oeste,1970,CAGED Antigo
2012-01-01,51,MT,Centro-Oeste,10142,CAGED Antigo
2012-01-01,52,GO,Centro-Oeste,8076,CAGED Antigo
2012-01-01,53,DF,Centro-Oeste,2507,CAGED Antigo
2012-02-01,11,RO,Norte,873,CAGED Antigo
2012-02-01,12,AC,Norte,61,CAGED Antigo
2012-02-01,13,AM,Norte,-472,CAGED Antigo
2012-02-01,14,RR,Norte,183,CAGED Antigo
2012-02-01,15,PA,Norte,2137,CAGED Antigo
2012-02-01,16,AP,Norte,2,CAGED Antigo
2012-02-01,17,TO,Norte,1181,CAGED Antigo
2012-02-01,21,MA,Nordeste,-811,CAGED Antigo
2012-02-01,22,PI,Nordeste,224,CAGED Antigo
2012-02-01,23,CE,Nordeste,3667,CAGED Antigo
2012-02-01,24,RN,Nordeste,-2212,CAGED Antigo
2012-02-01,25,PB,Nordeste,-3137,CAGED Antigo
2012-02-01,26,PE,Nordeste,-3844,CAGED Antigo
2012-02-01,27,AL,Nordeste,-3162,CAGED Antigo
2012-02-01,28,SE,Nordeste,1284,CAGED Antigo
2012-02-01,29,BA,Nordeste,-1619,CAGED Antigo
2012-02-01,31,MG,Sudeste,21031,CAGED Antigo
2012-02-01,32,ES,Sudeste,410,CAGED Antigo
2012-02-01,33,RJ,Sudeste,16071,CAGED Antigo
2012-02-01,35,SP,Sudeste,55754,CAGED Antigo
2012-02-01,41,PR,Sul,14075,CAGED Antigo
2012-02-01,42,SC,Sul,15719,CAGED Antigo
2012-02-01,43,RS,Sul,9728,CAGED Antigo
2012-02-01,50,MS,Centro-Oeste,2267,CAGED Antigo
2012-02-01,51,MT,Centro-Oeste,6655,CAGED Antigo
2012-02-01,52,GO,Centro-Oeste,10340,CAGED Antigo
2012-02-01,53,DF,Centro-Oeste,4195,CAGED Antigo
2012-03-01,11,RO,Norte,645,CAGED Antigo
2012-03-01,12,AC,Norte,-580,CAGED Antigo
2012-03-01,13,AM,Norte,-761,CAGED Antigo
2012-03-01,14,RR,Norte,326,CAGED Antigo
2012-03-01,15,PA,Norte,-146,CAGED Antigo
2012-03-01,16,AP,Norte,-139,CAGED Antigo
2012-03-01,17,TO,Norte,907,CAGED Antigo
2012-03-01,21,MA,Nordeste,-1637,CAGED Antigo
2012-03-01,22,PI,Nordeste,461,CAGED Antigo
2012-03-01,23,CE,Nordeste,-1587,CAGED Antigo
2012-03-01,24,RN,Nordeste,417,CAGED Antigo
2012-03-01,25,PB,Nordeste,-3421,CAGED Antigo
2012-03-01,26,PE,Nordeste,-8186,CAGED Antigo
2012-03-01,27,AL,Nordeste,-21032,CAGED Antigo
2012-03-01,28,SE,Nordeste,-88,CAGED Antigo
2012-03-01,29,BA,Nordeste,2243,CAGED Antigo
2012-03-01,31,MG,Sudeste,22674,CAGED Antigo
2012-03-01,32,ES,Sudeste,4120,CAGED Antigo
2012-03-01,33,RJ,Sudeste,12010,CAGED Antigo
2012-03-01,35,SP,Sudeste,47279,CAGED Antigo
2012-03-01,41,PR,Sul,14851,CAGED Antigo
2012-03-01,42,SC,Sul,9751,CAGED Antigo
2012-03-01,43,RS,Sul,16875,CAGED Antigo
2012-03-01,50,MS,Centro-Oeste,3005,CAGED Antigo
2012-03-01,51,MT,Centro-Oeste,-806,CAGED Antigo
2012-03-01,52,GO,Centro-Oeste,12715,CAGED Antigo
2012-03-01,53,DF,Centro-Oeste,1850,CAGED Antigo
2012-04-01,11,RO,Norte,-3313,CAGED Antigo
2012-04-01,12,AC,Norte,970,CAGED Antigo
2012-04-01,13,AM,Norte,485,CAGED Antigo
2012-04-01,14,RR,Norte,-108,CAGED Antigo
2012-04-01,15,PA,Norte,4662,CAGED Antigo
2012-04-01,16,AP,Norte,579,CAGED Antigo
2012-04-01,17,TO,Norte,822,CAGED Antigo
2012-04-01,21,MA,Nordeste,625,CAGED Antigo
2012-04-01,22,PI,Nordeste,950,CAGED Antigo
2012-04-01,23,CE,Nordeste,2198,CAGED Antigo
2012-04-01,24,RN,Nordeste,-52,CAGED Antigo
2012-04-01,25,PB,Nordeste,1097,CAGED Antigo
2012-04-01,26,PE,Nordeste,-2127,CAGED Antigo
2012-04-01,27,AL,Nordeste,-13274,CAGED Antigo
2012-04-01,28,SE,Nordeste,-2188,CAGED Antigo
2012-04-01,29,BA,Nordeste,7847,CAGED Antigo
2012-04-01,31,MG,Sudeste,28886,CAGED Antigo
2012-04-01,32,ES,Sudeste,9839,CAGED Antigo
2012-04-01,33,RJ,Sudeste,18541,CAGED Antigo
2012-04-01,35,SP,Sudeste,85346,CAGED Antigo
2012-04-01,41,PR,Sul,20923,CAGED Antigo
2012-04-01,42,SC,Sul,7919,CAGED Antigo
2012-04-01,43,RS,Sul,14163,CAGED Antigo
2012-04-01,50,MS,Centro-Oeste,6315,CAGED Antigo
2012-04-01,51,MT,Centro-Oeste,4291,CAGED Antigo
2012-04-01,52,GO,Centro-Oeste,17146,CAGED Antigo
2012-04-01,53,DF,Centro-Oeste,4432,CAGED Antigo
2012-07-01,11,RO,Norte,2127,CAGED Antigo
2012-07-01,12,AC,Norte,474,CAGED Antigo
2012-07-01,13,AM,Norte,1883,CAGED Antigo
2012-07-01,14,RR,Norte,760,CAGED Antigo
2012-07-01,15,PA,Norte,6759,CAGED Antigo
2012-07-01,16,AP,Norte,806,CAGED Antigo
2012-07-01,17,TO,Norte,74,CAGED Antigo
2012-07-01,21,MA,Nordeste,3400,CAGED Antigo
2012-07-01,22,PI,Nordeste,1711,CAGED Antigo
2012-07-01,23,CE,Nordeste,6695,CAGED Antigo
2012-07-01,24,RN,Nordeste,2478,CAGED Antigo
2012-07-01,25,PB,Nordeste,797,CAGED Antigo
2012-07-01,26,PE,Nordeste,2259,CAGED Antigo
2012-07-01,27,AL,Nordeste,169,CAGED Antigo
2012-07-01,28,SE,Nordeste,1466,CAGED Antigo
2012-07-01,29,BA,Nordeste,2209,CAGED Antigo
2012-07-01,31,MG,Sudeste,19216,CAGED Antigo
2012-07-01,32,ES,Sudeste,2601,CAGED Antigo
2012-07-01,33,RJ,Sudeste,13439,CAGED Antigo
2012-07-01,35,SP,Sudeste,47837,CAGED Antigo
2012-07-01,41,PR,Sul,6006,CAGED Antigo
2012-07-01,42,SC,Sul,3227,CAGED Antigo
2012-07-01,43,RS,Sul,3827,CAGED Antigo
2012-07-01,50,MS,Centro-Oeste,1896,CAGED Antigo
2012-07-01,51,MT,Centro-Oeste,5827,CAGED Antigo
2012-07-01,52,GO,Centro-Oeste,3992,CAGED Antigo
2012-07-01,53,DF,Centro-Oeste,561,CAGED Antigo
2012-09-01,11,RO,Norte,-91,CAGED Antigo
2012-09-01,12,AC,Norte,-101,CAGED Antigo
2012-09-01,13,AM,Norte,1762,CAGED Antigo
2012-09-01,14,RR,Norte,544,CAGED Antigo
2012-09-01,15,PA,Norte,3493,CAGED Antigo
2012-09-01,16,AP,Norte,520,CAGED Antigo
2012-09-01,17,TO,Norte,-933,CAGED Antigo
2012-09-01,21,MA,Nordeste,1832,CAGED Antigo
2012-09-01,22,PI,Nordeste,214,CAGED Antigo
2012-09-01,23,CE,Nordeste,8826,CAGED Antigo
2012-09-01,24,RN,Nordeste,5283,CAGED Antigo
2012-09-01,25,PB,Nordeste,3616,CAGED Antigo
2012-09-01,26,PE,Nordeste,18890,CAGED Antigo
2012-09-01,27,AL,Nordeste,27572,CAGED Antigo
2012-09-01,28,SE,Nordeste,1534,CAGED Antigo
2012-09-01,29,BA,Nordeste,3479,CAGED Antigo
2012-09-01,31,MG,Sudeste,-1180,CAGED Antigo
2012-09-01,32,ES,Sudeste,2727,CAGED Antigo
2012-09-01,33,RJ,Sudeste,15863,CAGED Antigo
2012-09-01,35,SP,Sudeste,26339,CAGED Antigo
2012-09-01,41,PR,Sul,9559,CAGED Antigo
2012-09-01,42,SC,Sul,6926,CAGED Antigo
2012-09-01,43,RS,Sul,8246,CAGED Antigo
2012-09-01,50,MS,Centro-Oeste,1131,CAGED Antigo
2012-09-01,51,MT,Centro-Oeste,2651,CAGED Antigo
2012-09-01,52,GO,Centro-Oeste,1607,CAGED Antigo
2012-09-01,53,DF,Centro-Oeste,25,CAGED Antigo
2012-11-01,11,RO,Norte,-856,CAGED Antigo
2012-11-01,12,AC,Norte,-553,CAGED Antigo
2012-11-01,13,AM,Norte,-1270,CAGED Antigo
2012-11-01,14,RR,Norte,211,CAGED Antigo
2012-11-01,15,PA,Norte,-530,CAGED Antigo
2012-11-01,16,AP,Norte,277,CAGED Antigo
2012-11-01,17,TO,Norte,-939,CAGED Antigo
2012-11-01,21,MA,Nordeste,-318,CAGED Antigo
2012-11-01,22,PI,Nordeste,-836,CAGED Antigo
2012-11-01,23,CE,Nordeste,4489,CAGED Antigo
2012-11-01,24,RN,Nordeste,1440,CAGED Antigo
2012-11-01,25,PB,Nordeste,1908,CAGED Antigo
2012-11-01,26,PE,Nordeste,1053,CAGED Antigo
2012-11-01,27,AL,Nordeste,2888,CAGED Antigo
2012-11-01,28,SE,Nordeste,748,CAGED Antigo
2012-11-01,29,BA,Nordeste,5695,CAGED Antigo
2012-11-01,31,MG,Sudeste,-4435,CAGED Antigo
2012-11-01,32,ES,Sudeste,1945,CAGED Antigo
2012-11-01,33,RJ,Sudeste,13233,CAGED Antigo
2012-11-01,35,SP,Sudeste,7203,CAGED Antigo
2012-11-01,41,PR,Sul,5757,CAGED Antigo
2012-11-01,42,SC,Sul,8046,CAGED Antigo
2012-11-01,43,RS,Sul,15759,CAGED Antigo
2012-11-01,50,MS,Centro-Oeste,287,CAGED Antigo
2012-11-01,51,MT,Centro-Oeste,-5910,CAGED Antigo
2012-11-01,52,GO,Centro-Oeste,-8649,CAGED Antigo
2012-11-01,53,DF,Centro-Oeste,-548,CAGED Antigo
2012-12-01,11,RO,Norte,-4113,CAGED Antigo
2012-12-01,12,AC,Norte,-1920,CAGED Antigo
2012-12-01,13,AM,Norte,-7629,CAGED Antigo
2012-12-01,14,RR,Norte,-443,CAGED Antigo
2012-12-01,15,PA,Norte,-11275,CAGED Antigo
2012-12-01,16,AP,Norte,-959,CAGED Antigo
2012-12-01,17,TO,Norte,-2415,CAGED Antigo
2012-12-01,21,MA,Nordeste,-7827,CAGED Antigo
2012-12-01,22,PI,Nordeste,-2382,CAGED Antigo
2012-12-01,23,CE,Nordeste,-5216,CAGED Antigo
2012-12-01,24,RN,Nordeste,-2380,CAGED Antigo
2012-12-01,25,PB,Nordeste,-927,CAGED Antigo
2012-12-01,26,PE,Nordeste,-9637,CAGED Antigo
2012-12-01,27,AL,Nordeste,-2613,CAGED Antigo
2012-12-01,28,SE,Nordeste,-3450,CAGED Antigo
2012-12-01,29,BA,Nordeste,-16273,CAGED Antigo
2012-12-01,31,MG,Sudeste,-57042,CAGED Antigo
2012-12-01,32,ES,Sudeste,-5706,CAGED Antigo
2012-12-01,33,RJ,Sudeste,-19293,CAGED Antigo
2012-12-01,35,SP,Sudeste,-185287,CAGED Antigo
2012-12-01,41,PR,Sul,-43271,CAGED Antigo
2012-12-01,42,SC,Sul,-31355,CAGED Antigo
2012-12-01,43,RS,Sul,-27871,CAGED Antigo
2012-12-01,50,MS,Centro-Oeste,-8610,CAGED Antigo
2012-12-01,51,MT,Centro-Oeste,-12963,CAGED Antigo
2012-12-01,52,GO,Centro-Oeste,-21400,CAGED Antigo
2012-12-01,53,DF,Centro-Oeste,-4687,CAGED Antigo
2013-02-01,11,RO,Norte,192,CAGED Antigo
2013-02-01,12,AC,Norte,-107,CAGED Antigo
2013-02-01,13,AM,Norte,28,CAGED Antigo
2013-02-01,14,RR,Norte,368,CAGED Antigo
2013-02-01,15,PA,Norte,2210,CAGED Antigo
2013-02-01,16,AP,Norte,245,CAGED Antigo
2013-02-01,17,TO,Norte,-784,CAGED Antigo
2013-02-01,21,MA,Nordeste,-1217,CAGED Antigo
2013-02-01,22,PI,Nordeste,-345,CAGED Antigo
2013-02-01,23,CE,Nordeste,3060,CAGED Antigo
2013-02-01,24,RN,Nordeste,-844,CAGED Antigo
2013-02-01,25,PB,Nordeste,-3193,CAGED Antigo
2013-02-01,26,PE,Nordeste,-4370,CAGED Antigo
2013-02-01,27,AL,Nordeste,-7773,CAGED Antigo
2013-02-01,28,SE,Nordeste,-123,CAGED Antigo
2013-02-01,29,BA,Nordeste,-1076,CAGED Antigo
2013-02-01,31,MG,Sudeste,9924,CAGED Antigo
2013-02-01,32,ES,Sudeste,-208,CAGED Antigo
2013-02-01,33,RJ,Sudeste,8692,CAGED Antigo
2013-02-01,35,SP,Sudeste,47769,CAGED Antigo
2013-02-01,41,PR,Sul,15857,CAGED Antigo
2013-02-01,42,SC,Sul,15072,CAGED Antigo
2013-02-01,43,RS,Sul,17087,CAGED Antigo
2013-02-01,50,MS,Centro-Oeste,3039,CAGED Antigo
2013-02-01,51,MT,Centro-Oeste,5231,CAGED Antigo
2013-02-01,52,GO,Centro-Oeste,11675,CAGED Antigo
2013-02-01,53,DF,Centro-Oeste,3037,CAGED Antigo
2013-03-01,11,RO,Norte,244,CAGED Antigo
2013-03-01,12,AC,Norte,-328,CAGED Antigo
2013-03-01,13,AM,Norte,1321,CAGED Antigo
2013-03-01,14,RR,Norte,-1036,CAGED Antigo
2013-03-01,15,PA,Norte,686,CAGED Antigo
2013-03-01,16,AP,Norte,264,CAGED Antigo
2013-03-01,17,TO,Norte,38,CAGED Antigo
2013-03-01,21,MA,Nordeste,-729,CAGED Antigo
2013-03-01,22,PI,Nordeste,489,CAGED Antigo
2013-03-01,23,CE,Nordeste,-1025,CAGED Antigo
2013-03-01,24,RN,Nordeste,409,CAGED Antigo
2013-03-01,25,PB,Nordeste,-3641,CAGED Antigo
2013-03-01,26,PE,Nordeste,-12569,CAGED Antigo
2013-03-01,27,AL,Nordeste,-15574,CAGED Antigo
2013-03-01,28,SE,Nordeste,-3355,CAGED Antigo
2013-03-01,29,BA,Nordeste,375,CAGED Antigo
2013-03-01,31,MG,Sudeste,19592,CAGED Antigo
2013-03-01,32,ES,Sudeste,2180,CAGED Antigo
2013-03-01,33,RJ,Sudeste,15359,CAGED Antigo
2013-03-01,35,SP,Sudeste,46320,CAGED Antigo
2013-03-01,41,PR,Sul,17448,CAGED Antigo
2013-03-01,42,SC,Sul,7983,CAGED Antigo
2013-03-01,43,RS,Sul,28104,CAGED Antigo
2013-03-01,50,MS,Centro-Oeste,3638,CAGED Antigo
2013-03-01,51,MT,Centro-Oeste,-4176,CAGED Antigo
2013-03-01,52,GO,Centro-Oeste,8032,CAGED Antigo
2013-03-01,53,DF,Centro-Oeste,2401,CAGED Antigo
2013-04-01,11,RO,Norte,305,CAGED Antigo
2013-04-01,12,AC,Norte,420,CAGED Antigo
2013-04-01,13,AM,Norte,-50,CAGED Antigo
2013-04-01,14,RR,Norte,-9,CAGED Antigo
2013-04-01,15,PA,Norte,150,CAGED Antigo
2013-04-01,16,AP,Norte,583,CAGED Antigo
2013-04-01,17,TO,Norte,660,CAGED Antigo
2013-04-01,21,MA,Nordeste,-736,CAGED Antigo
2013-04-01,22,PI,Nordeste,1324,CAGED Antigo
2013-04-01,23,CE,Nordeste,4022,CAGED Antigo
2013-04-01,24,RN,Nordeste,-1146,CAGED Antigo
2013-04-01,25,PB,Nordeste,205,CAGED Antigo
2013-04-01,26,PE,Nordeste,-4357,CAGED Antigo
2013-04-01,27,AL,Nordeste,-13646,CAGED Antigo
2013-04-01,28,SE,Nordeste,2520,CAGED Antigo
2013-04-01,29,BA,Nordeste,10186,CAGED Antigo
2013-04-01,31,MG,Sudeste,23523,CAGED Antigo
2013-04-01,32,ES,Sudeste,8460,CAGED Antigo
2013-04-01,33,RJ,Sudeste,15000,CAGED Antigo
2013-04-01,35,SP,Sudeste,80227,CAGED Antigo
2013-04-01,41,PR,Sul,18937,CAGED Antigo
2013-04-01,42,SC,Sul,10273,CAGED Antigo
2013-04-01,43,RS,Sul,10084,CAGED Antigo
2013-04-01,50,MS,Centro-Oeste,4642,CAGED Antigo
2013-04-01,51,MT,Centro-Oeste,2584,CAGED Antigo
2013-04-01,52,GO,Centro-Oeste,18676,CAGED Antigo
2013-04-01,53,DF,Centro-Oeste,4076,CAGED Antigo
2013-05-01,11,RO,Norte,-1034,CAGED Antigo
2013-05-01,12,AC,Norte,571,CAGED Antigo
2013-05-01,13,AM,Norte,54,CAGED Antigo
2013-05-01,14,RR,Norte,-213,CAGED Antigo
2013-05-01,15,PA,Norte,-45,CAGED Antigo
2013-05-01,16,AP,Norte,176,CAGED Antigo
2013-05-01,17,TO,Norte,-172,CAGED Antigo
2013-05-01,21,MA,Nordeste,-1836,CAGED Antigo
2013-05-01,22,PI,Nordeste,2231,CAGED Antigo
2013-05-01,23,CE,Nordeste,2006,CAGED Antigo
2013-05-01,24,RN,Nordeste,103,CAGED Antigo
2013-05-01,25,PB,Nordeste,1160,CAGED Antigo
2013-05-01,26,PE,Nordeste,-2402,CAGED Antigo
2013-05-01,27,AL,Nordeste,-3453,CAGED Antigo
2013-05-01,28,SE,Nordeste,-282,CAGED Antigo
2013-05-01,29,BA,Nordeste,4568,CAGED Antigo
2013-05-01,31,MG,Sudeste,25916,CAGED Antigo
2013-05-01,32,ES,Sudeste,1505,CAGED Antigo
2013-05-01,33,RJ,Sudeste,4575,CAGED Antigo
2013-05-01,35,SP,Sudeste,22434,CAGED Antigo
2013-05-01,41,PR,Sul,9713,CAGED Antigo
2013-05-01,42,SC,Sul,2404,CAGED Antigo
2013-05-01,43,RS,Sul,-2116,CAGED Antigo
2013-05-01,50,MS,Centro-Oeste,2666,CAGED Antigo
2013-05-01,51,MT,Centro-Oeste,923,CAGED Antigo
2013-05-01,52,GO,Centro-Oeste,4508,CAGED Antigo
2013-05-01,53,DF,Centro-Oeste,-1932,CAGED Antigo
2013-06-01,11,RO,Norte,-273,CAGED Antigo
2013-06-01,12,AC,Norte,199,CAGED Antigo
2013-06-01,13,AM,Norte,2334,CAGED Antigo
2013-06-01,14,RR,Norte,-407,CAGED Antigo
2013-06-01,15,PA,Norte,2964,CAGED Antigo
2013-06-01,16,AP,Norte,-231,CAGED Antigo
2013-06-01,17,TO,Norte,-245,CAGED Antigo
2013-06-01,21,MA,Nordeste,734,CAGED Antigo
2013-06-01,22,PI,Nordeste,1632,CAGED Antigo
2013-06-01,23,CE,Nordeste,11126,CAGED Antigo
2013-06-01,24,RN,Nordeste,1112,CAGED Antigo
2013-06-01,25,PB,Nordeste,823,CAGED Antigo
2013-06-01,26,PE,Nordeste,4445,CAGED Antigo
2013-06-01,27,AL,Nordeste,-982,CAGED Antigo
2013-06-01,28,SE,Nordeste,235,CAGED Antigo
2013-06-01,29,BA,Nordeste,1436,CAGED Antigo
2013-06-01,31,MG,Sudeste,28064,CAGED Antigo
2013-06-01,32,ES,Sudeste,-965,CAGED Antigo
2013-06-01,33,RJ,Sudeste,7831,CAGED Antigo
2013-06-01,35,SP,Sudeste,33896,CAGED Antigo
2013-06-01,41,PR,Sul,5257,CAGED Antigo
2013-06-01,42,SC,Sul,5527,CAGED Antigo
2013-06-01,43,RS,Sul,3317,CAGED Antigo
2013-06-01,50,MS,Centro-Oeste,1437,CAGED Antigo
2013-06-01,51,MT,Centro-Oeste,6943,CAGED Antigo
2013-06-01,52,GO,Centro-Oeste,7870,CAGED Antigo
2013-06-01,53,DF,Centro-Oeste,-243,CAGED Antigo
2013-07-01,11,RO,Norte,233,CAGED Antigo
2013-07-01,12,AC,Norte,105,CAGED Antigo
2013-07-01,13,AM,Norte,3335,CAGED Antigo
2013-07-01,14,RR,Norte,65,CAGED Antigo
2013-07-01,15,PA,Norte,3742,CAGED Antigo
2013-07-01,16,AP,Norte,137,CAGED Antigo
2013-07-01,17,TO,Norte,148,CAGED Antigo
2013-07-01,21,MA,Nordeste,1576,CAGED Antigo
2013-07-01,22,PI,Nordeste,976,CAGED Antigo
2013-07-01,23,CE,Nordeste,2900,CAGED Antigo
2013-07-01,24,RN,Nordeste,1263,CAGED Antigo
2013-07-01,25,PB,Nordeste,-92,CAGED Antigo
2013-07-01,26,PE,Nordeste,-2901,CAGED Antigo
2013-07-01,27,AL,Nordeste,1352,CAGED Antigo
2013-07-01,28,SE,Nordeste,1651,CAGED Antigo
2013-07-01,29,BA,Nordeste,3280,CAGED Antigo
2013-07-01,31,MG,Sudeste,11633,CAGED Antigo
2013-07-01,32,ES,Sudeste,-1934,CAGED Antigo
2013-07-01,33,RJ,Sudeste,-755,CAGED Antigo
2013-07-01,35,SP,Sudeste,8474,CAGED Antigo
2013-07-01,41,PR,Sul,1800,CAGED Antigo
2013-07-01,42,SC,Sul,1344,CAGED Antigo
2013-07-01,43,RS,Sul,-3644,CAGED Antigo
2013-07-01,50,MS,Centro-Oeste,-105,CAGED Antigo
2013-07-01,51,MT,Centro-Oeste,4396,CAGED Antigo
2013-07-01,52,GO,Centro-Oeste,2023,CAGED Antigo
2013-07-01,53,DF,Centro-Oeste,461,CAGED Antigo
2013-08-01,11,RO,Norte,717,CAGED Antigo
2013-08-01,12,AC,Norte,-47,CAGED Antigo
2013-08-01,13,AM,Norte,2099,CAGED Antigo
2013-08-01,14,RR,Norte,337,CAGED Antigo
2013-08-01,15,PA,Norte,2012,CAGED Antigo
2013-08-01,16,AP,Norte,367,CAGED Antigo
2013-08-01,17,TO,Norte,723,CAGED Antigo
2013-08-01,21,MA,Nordeste,3535,CAGED Antigo
2013-08-01,22,PI,Nordeste,992,CAGED Antigo
2013-08-01,23,CE,Nordeste,6781,CAGED Antigo
2013-08-01,24,RN,Nordeste,3219,CAGED Antigo
2013-08-01,25,PB,Nordeste,4902,CAGED Antigo
2013-08-01,26,PE,Nordeste,7387,CAGED Antigo
2013-08-01,27,AL,Nordeste,1127,CAGED Antigo
2013-08-01,28,SE,Nordeste,1236,CAGED Antigo
2013-08-01,29,BA,Nordeste,3955,CAGED Antigo
2013-08-01,31,MG,Sudeste,-1714,CAGED Antigo
2013-08-01,32,ES,Sudeste,3236,CAGED Antigo
2013-08-01,33,RJ,Sudeste,10104,CAGED Antigo
2013-08-01,35,SP,Sudeste,39564,CAGED Antigo
2013-08-01,41,PR,Sul,12259,CAGED Antigo
2013-08-01,42,SC,Sul,8668,CAGED Antigo
2013-08-01,43,RS,Sul,6963,CAGED Antigo
2013-08-01,50,MS,Centro-Oeste,2694,CAGED Antigo
2013-08-01,51,MT,Centro-Oeste,2904,CAGED Antigo
2013-08-01,52,GO,Centro-Oeste,2675,CAGED Antigo
2013-08-01,53,DF,Centro-Oeste,953,CAGED Antigo
2013-09-01,11,RO,Norte,-72,CAGED Antigo
2013-09-01,12,AC,Norte,268,CAGED Antigo
2013-09-01,13,AM,Norte,2612,CAGED Antigo
2013-09-01,14,RR,Norte,495,CAGED Antigo
2013-09-01,15,PA,Norte,7317,CAGED Antigo
2013-09-01,16,AP,Norte,475,CAGED Antigo
2013-09-01,17,TO,Norte,457,CAGED Antigo
2013-09-01,21,MA,Nordeste,2913,CAGED Antigo
2013-09-01,22,PI,Nordeste,379,CAGED Antigo
2013-09-01,23,CE,Nordeste,8281,CAGED Antigo
2013-09-01,24,RN,Nordeste,5182,CAGED Antigo
2013-09-01,25,PB,Nordeste,6618,CAGED Antigo
2013-09-01,26,PE,Nordeste,29988,CAGED Antigo
2013-09-01,27,AL,Nordeste,16285,CAGED Antigo
2013-09-01,28,SE,Nordeste,2313,CAGED Antigo
2013-09-01,29,BA,Nordeste,6203,CAGED Antigo
2013-09-01,31,MG,Sudeste,6925,CAGED Antigo
2013-09-01,32,ES,Sudeste,4759,CAGED Antigo
2013-09-01,33,RJ,Sudeste,15653,CAGED Antigo
2013-09-01,35,SP,Sudeste,45275,CAGED Antigo
2013-09-01,41,PR,Sul,15925,CAGED Antigo
2013-09-01,42,SC,Sul,11224,CAGED Antigo
2013-09-01,43,RS,Sul,10854,CAGED Antigo
2013-09-01,50,MS,Centro-Oeste,961,CAGED Antigo
2013-09-01,51,MT,Centro-Oeste,2449,CAGED Antigo
2013-09-01,52,GO,Centro-Oeste,5160,CAGED Antigo
2013-09-01,53,DF,Centro-Oeste,2169,CAGED Antigo
2013-11-01,11,RO,Norte,-2367,CAGED Antigo
2013-11-01,12,AC,Norte,16,CAGED Antigo
2013-11-01,13,AM,Norte,2089,CAGED Antigo
2013-11-01,14,RR,Norte,-48,CAGED Antigo
2013-11-01,15,PA,Norte,1173,CAGED Antigo
2013-11-01,16,AP,Norte,-89,CAGED Antigo
2013-11-01,17,TO,Norte,-699,CAGED Antigo
2013-11-01,21,MA,Nordeste,653,CAGED Antigo
2013-11-01,22,PI,Nordeste,-786,CAGED Antigo
2013-11-01,23,CE,Nordeste,8749,CAGED Antigo
2013-11-01,24,RN,Nordeste,1047,CAGED Antigo
2013-11-01,25,PB,Nordeste,2786,CAGED Antigo
2013-11-01,26,PE,Nordeste,5317,CAGED Antigo
2013-11-01,27,AL,Nordeste,3667,CAGED Antigo
2013-11-01,28,SE,Nordeste,3059,CAGED Antigo
2013-11-01,29,BA,Nordeste,7962,CAGED Antigo
2013-11-01,31,MG,Sudeste,-11942,CAGED Antigo
2013-11-01,32,ES,Sudeste,1716,CAGED Antigo
2013-11-01,33,RJ,Sudeste,16985,CAGED Antigo
2013-11-01,35,SP,Sudeste,-3751,CAGED Antigo
2013-11-01,41,PR,Sul,5009,CAGED Antigo
2013-11-01,42,SC,Sul,9638,CAGED Antigo
2013-11-01,43,RS,Sul,10443,CAGED Antigo
2013-11-01,50,MS,Centro-Oeste,-72,CAGED Antigo
2013-11-01,51,MT,Centro-Oeste,-5204,CAGED Antigo
2013-11-01,52,GO,Centro-Oeste,-8397,CAGED Antigo
2013-11-01,53,DF,Centro-Oeste,532,CAGED Antigo
2013-12-01,11,RO,Norte,-3091,CAGED Antigo
2013-12-01,12,AC,Norte,-690,CAGED Antigo
2013-12-01,13,AM,Norte,-5612,CAGED Antigo
2013-12-01,14,RR,Norte,-93,CAGED Antigo
2013-12-01,15,PA,Norte,-7331,CAGED Antigo
2013-12-01,16,AP,Norte,-717,CAGED Antigo
2013-12-01,17,TO,Norte,-1862,CAGED Antigo
2013-12-01,21,MA,Nordeste,-5804,CAGED Antigo
2013-12-01,22,PI,Nordeste,-1975,CAGED Antigo
2013-12-01,23,CE,Nordeste,-2174,CAGED Antigo
2013-12-01,24,RN,Nordeste,-1245,CAGED Antigo
2013-12-01,25,PB,Nordeste,-1234,CAGED Antigo
2013-12-01,26,PE,Nordeste,-6269,CAGED Antigo
2013-12-01,27,AL,Nordeste,-470,CAGED Antigo
2013-12-01,28,SE,Nordeste,-1621,CAGED Antigo
2013-12-01,29,BA,Nordeste,-10237,CAGED Antigo
2013-12-01,31,MG,Sudeste,-50702,CAGED Antigo
2013-12-01,32,ES,Sudeste,-5782,CAGED Antigo
2013-12-01,33,RJ,Sudeste,-11801,CAGED Antigo
2013-12-01,35,SP,Sudeste,-173821,CAGED Antigo
2013-12-01,41,PR,Sul,-43022,CAGED Antigo
2013-12-01,42,SC,Sul,-34330,CAGED Antigo
2013-12-01,43,RS,Sul,-27980,CAGED Antigo
2013-12-01,50,MS,Centro-Oeste,-8240,CAGED Antigo
2013-12-01,51,MT,Centro-Oeste,-12971,CAGED Antigo
2013-12-01,52,GO,Centro-Oeste,-23176,CAGED Antigo
2013-12-01,53,DF,Centro-Oeste,-7194,CAGED Antigo
2014-01-01,11,RO,Norte,-1482,CAGED Antigo
2014-01-01,12,AC,Norte,-72,CAGED Antigo
2014-01-01,13,AM,Norte,-2658,CAGED Antigo
2014-01-01,14,RR,Norte,-64,CAGED Antigo
2014-01-01,15,PA,Norte,-3658,CAGED Antigo
2014-01-01,16,AP,Norte,-210,CAGED Antigo
2014-01-01,17,TO,Norte,343,CAGED Antigo
2014-01-01,21,MA,Nordeste,-4520,CAGED Antigo
2014-01-01,22,PI,Nordeste,-135,CAGED Antigo
2014-01-01,23,CE,Nordeste,-3711,CAGED Antigo
2014-01-01,24,RN,Nordeste,717,CAGED Antigo
2014-01-01,25,PB,Nordeste,1065,CAGED Antigo
2014-01-01,26,PE,Nordeste,-4523,CAGED Antigo
2014-01-01,27,AL,Nordeste,-4695,CAGED Antigo
2014-01-01,28,SE,Nordeste,1142,CAGED Antigo
2014-01-01,29,BA,Nordeste,3994,CAGED Antigo
2014-01-01,31,MG,Sudeste,7211,CAGED Antigo
2014-01-01,32,ES,Sudeste,-922,CAGED Antigo
2014-01-01,33,RJ,Sudeste,-21548,CAGED Antigo
2014-01-01,35,SP,Sudeste,7949,CAGED Antigo
2014-01-01,41,PR,Sul,11991,CAGED Antigo
2014-01-01,42,SC,Sul,18317,CAGED Antigo
2014-01-01,43,RS,Sul,9584,CAGED Antigo
2014-01-01,50,MS,Centro-Oeste,1016,CAGED Antigo
2014-01-01,51,MT,Centro-Oeste,10264,CAGED Antigo
2014-01-01,52,GO,Centro-Oeste,4096,CAGED Antigo
2014-01-01,53,DF,Centro-Oeste,104,CAGED Antigo
2014-02-01,11,RO,Norte,-163,CAGED Antigo
2014-02-01,12,AC,Norte,308,CAGED Antigo
2014-02-01,13,AM,Norte,75,CAGED Antigo
2014-02-01,14,RR,Norte,264,CAGED Antigo
2014-02-01,15,PA,Norte,1985,CAGED Antigo
2014-02-01,16,AP,Norte,-528,CAGED Antigo
2014-02-01,17,TO,Norte,1184,CAGED Antigo
2014-02-01,21,MA,Nordeste,-866,CAGED Antigo
2014-02-01,22,PI,Nordeste,966,CAGED Antigo
2014-02-01,23,CE,Nordeste,7231,CAGED Antigo
2014-02-01,24,RN,Nordeste,931,CAGED Antigo
2014-02-01,25,PB,Nordeste,1385,CAGED Antigo
2014-02-01,26,PE,Nordeste,-883,CAGED Antigo
2014-02-01,27,AL,Nordeste,16,CAGED Antigo
2014-02-01,28,SE,Nordeste,1365,CAGED Antigo
2014-02-01,29,BA,Nordeste,7420,CAGED Antigo
2014-02-01,31,MG,Sudeste,22714,CAGED Antigo
2014-02-01,32,ES,Sudeste,4166,CAGED Antigo
2014-02-01,33,RJ,Sudeste,25820,CAGED Antigo
2014-02-01,35,SP,Sudeste,77928,CAGED Antigo
2014-02-01,41,PR,Sul,25612,CAGED Antigo
2014-02-01,42,SC,Sul,27891,CAGED Antigo
2014-02-01,43,RS,Sul,26487,CAGED Antigo
2014-02-01,50,MS,Centro-Oeste,4362,CAGED Antigo
2014-02-01,51,MT,Centro-Oeste,7418,CAGED Antigo
2014-02-01,52,GO,Centro-Oeste,12554,CAGED Antigo
2014-02-01,53,DF,Centro-Oeste,5181,CAGED Antigo
2014-04-01,11,RO,Norte,-28,CAGED Antigo
2014-04-01,12,AC,Norte,-113,CAGED Antigo
2014-04-01,13,AM,Norte,-1644,CAGED Antigo
2014-04-01,14,RR,Norte,395,CAGED Antigo
2014-04-01,15,PA,Norte,3023,CAGED Antigo
2014-04-01,16,AP,Norte,460,CAGED Antigo
2014-04-01,17,TO,Norte,144,CAGED Antigo
2014-04-01,21,MA,Nordeste,-434,CAGED Antigo
2014-04-01,22,PI,Nordeste,2983,CAGED Antigo
2014-04-01,23,CE,Nordeste,4463,CAGED Antigo
2014-04-01,24,RN,Nordeste,482,CAGED Antigo
2014-04-01,25,PB,Nordeste,-1245,CAGED Antigo
2014-04-01,26,PE,Nordeste,-10236,CAGED Antigo
2014-04-01,27,AL,Nordeste,-12321,CAGED Antigo
2014-04-01,28,SE,Nordeste,-366,CAGED Antigo
2014-04-01,29,BA,Nordeste,882,CAGED Antigo
2014-04-01,31,MG,Sudeste,15133,CAGED Antigo
2014-04-01,32,ES,Sudeste,4832,CAGED Antigo
2014-04-01,33,RJ,Sudeste,10944,CAGED Antigo
2014-04-01,35,SP,Sudeste,44374,CAGED Antigo
2014-04-01,41,PR,Sul,12378,CAGED Antigo
2014-04-01,42,SC,Sul,6756,CAGED Antigo
2014-04-01,43,RS,Sul,8589,CAGED Antigo
2014-04-01,50,MS,Centro-Oeste,319,CAGED Antigo
2014-04-01,51,MT,Centro-Oeste,854,CAGED Antigo
2014-04-01,52,GO,Centro-Oeste,10600,CAGED Antigo
2014-04-01,53,DF,Centro-Oeste,4160,CAGED Antigo
2014-06-01,11,RO,Norte,371,CAGED Antigo
2014-06-01,12,AC,Norte,369,CAGED Antigo
2014-06-01,13,AM,Norte,-712,CAGED Antigo
2014-06-01,14,RR,Norte,40,CAGED Antigo
2014-06-01,15,PA,Norte,6025,CAGED Antigo
2014-06-01,16,AP,Norte,-167,CAGED Antigo
2014-06-01,17,TO,Norte,545,CAGED Antigo
2014-06-01,21,MA,Nordeste,1179,CAGED Antigo
2014-06-01,22,PI,Nordeste,376,CAGED Antigo
2014-06-01,23,CE,Nordeste,-100,CAGED Antigo
2014-06-01,24,RN,Nordeste,-567,CAGED Antigo
2014-06-01,25,PB,Nordeste,1273,CAGED Antigo
2014-06-01,26,PE,Nordeste,466,CAGED Antigo
2014-06-01,27,AL,Nordeste,-650,CAGED Antigo
2014-06-01,28,SE,Nordeste,9,CAGED Antigo
2014-06-01,29,BA,Nordeste,-2564,CAGED Antigo
2014-06-01,31,MG,Sudeste,15717,CAGED Antigo
2014-06-01,32,ES,Sudeste,-4097,CAGED Antigo
2014-06-01,33,RJ,Sudeste,5390,CAGED Antigo
2014-06-01,35,SP,Sudeste,2884,CAGED Antigo
2014-06-01,41,PR,Sul,-2952,CAGED Antigo
2014-06-01,42,SC,Sul,-77,CAGED Antigo
2014-06-01,43,RS,Sul,-4866,CAGED Antigo
2014-06-01,50,MS,Centro-Oeste,70,CAGED Antigo
2014-06-01,51,MT,Centro-Oeste,3412,CAGED Antigo
2014-06-01,52,GO,Centro-Oeste,3522,CAGED Antigo
2014-06-01,53,DF,Centro-Oeste,467,CAGED Antigo
2014-07-01,11,RO,Norte,793,CAGED Antigo
2014-07-01,12,AC,Norte,412,CAGED Antigo
2014-07-01,13,AM,Norte,20,CAGED Antigo
2014-07-01,14,RR,Norte,-62,CAGED Antigo
2014-07-01,15,PA,Norte,6287,CAGED Antigo
2014-07-01,16,AP,Norte,226,CAGED Antigo
2014-07-01,17,TO,Norte,1762,CAGED Antigo
2014-07-01,21,MA,Nordeste,3441,CAGED Antigo
2014-07-01,22,PI,Nordeste,973,CAGED Antigo
2014-07-01,23,CE,Nordeste,2061,CAGED Antigo
2014-07-01,24,RN,Nordeste,508,CAGED Antigo
2014-07-01,25,PB,Nordeste,1721,CAGED Antigo
2014-07-01,26,PE,Nordeste,-2741,CAGED Antigo
2014-07-01,27,AL,Nordeste,379,CAGED Antigo
2014-07-01,28,SE,Nordeste,-204,CAGED Antigo
2014-07-01,29,BA,Nordeste,-125,CAGED Antigo
2014-07-01,31,MG,Sudeste,-5197,CAGED Antigo
2014-07-01,32,ES,Sudeste,-481,CAGED Antigo
2014-07-01,33,RJ,Sudeste,-7049,CAGED Antigo
2014-07-01,35,SP,Sudeste,8308,CAGED Antigo
2014-07-01,41,PR,Sul,2683,CAGED Antigo
2014-07-01,42,SC,Sul,-1853,CAGED Antigo
2014-07-01,43,RS,Sul,-6390,CAGED Antigo
2014-07-01,50,MS,Centro-Oeste,689,CAGED Antigo
2014-07-01,51,MT,Centro-Oeste,3741,CAGED Antigo
2014-07-01,52,GO,Centro-Oeste,2782,CAGED Antigo
2014-07-01,53,DF,Centro-Oeste,-888,CAGED Antigo
2014-08-01,11,RO,Norte,563,CAGED Antigo
2014-08-01,12,AC,Norte,267,CAGED Antigo
2014-08-01,13,AM,Norte,192,CAGED Antigo
2014-08-01,14,RR,Norte,331,CAGED Antigo
2014-08-01,15,PA,Norte,5084,CAGED Antigo
2014-08-01,16,AP,Norte,301,CAGED Antigo
2014-08-01,17,TO,Norte,1366,CAGED Antigo
2014-08-01,21,MA,Nordeste,3918,CAGED Antigo
2014-08-01,22,PI,Nordeste,1484,CAGED Antigo
2014-08-01,23,CE,Nordeste,9517,CAGED Antigo
2014-08-01,24,RN,Nordeste,3824,CAGED Antigo
2014-08-01,25,PB,Nordeste,5511,CAGED Antigo
2014-08-01,26,PE,Nordeste,8504,CAGED Antigo
2014-08-01,27,AL,Nordeste,4249,CAGED Antigo
2014-08-01,28,SE,Nordeste,982,CAGED Antigo
2014-08-01,29,BA,Nordeste,4090,CAGED Antigo
2014-08-01,31,MG,Sudeste,-9607,CAGED Antigo
2014-08-01,32,ES,Sudeste,1579,CAGED Antigo
2014-08-01,33,RJ,Sudeste,10962,CAGED Antigo
2014-08-01,35,SP,Sudeste,29617,CAGED Antigo
2014-08-01,41,PR,Sul,5352,CAGED Antigo
2014-08-01,42,SC,Sul,6599,CAGED Antigo
2014-08-01,43,RS,Sul,-1370,CAGED Antigo
2014-08-01,50,MS,Centro-Oeste,1318,CAGED Antigo
2014-08-01,51,MT,Centro-Oeste,1161,CAGED Antigo
2014-08-01,52,GO,Centro-Oeste,2968,CAGED Antigo
2014-08-01,53,DF,Centro-Oeste,2663,CAGED Antigo
2014-10-01,11,RO,Norte,-1286,CAGED Antigo
2014-10-01,12,AC,Norte,-385,CAGED Antigo
2014-10-01,13,AM,Norte,-862,CAGED Antigo
2014-10-01,14,RR,Norte,-332,CAGED Antigo
2014-10-01,15,PA,Norte,-2337,CAGED Antigo
2014-10-01,16,AP,Norte,225,CAGED Antigo
2014-10-01,17,TO,Norte,-455,CAGED Antigo
2014-10-01,21,MA,Nordeste,-2792,CAGED Antigo
2014-10-01,22,PI,Nordeste,1048,CAGED Antigo
2014-10-01,23,CE,Nordeste,7363,CAGED Antigo
2014-10-01,24,RN,Nordeste,732,CAGED Antigo
2014-10-01,25,PB,Nordeste,1817,CAGED Antigo
2014-10-01,26,PE,Nordeste,-1733,CAGED Antigo
2014-10-01,27,AL,Nordeste,7735,CAGED Antigo
2014-10-01,28,SE,Nordeste,580,CAGED Antigo
2014-10-01,29,BA,Nordeste,-6207,CAGED Antigo
2014-10-01,31,MG,Sudeste,-8331,CAGED Antigo
2014-10-01,32,ES,Sudeste,324,CAGED Antigo
2014-10-01,33,RJ,Sudeste,39,CAGED Antigo
2014-10-01,35,SP,Sudeste,-21886,CAGED Antigo
2014-10-01,41,PR,Sul,-375,CAGED Antigo
2014-10-01,42,SC,Sul,4973,CAGED Antigo
2014-10-01,43,RS,Sul,1333,CAGED Antigo
2014-10-01,50,MS,Centro-Oeste,-1333,CAGED Antigo
2014-10-01,51,MT,Centro-Oeste,-1963,CAGED Antigo
2014-10-01,52,GO,Centro-Oeste,-3680,CAGED Antigo
2014-10-01,53,DF,Centro-Oeste,-2495,CAGED Antigo
2014-11-01,11,RO,Norte,-1221,CAGED Antigo
2014-11-01,12,AC,Norte,-525,CAGED Antigo
2014-11-01,13,AM,Norte,446,CAGED Antigo
2014-11-01,14,RR,Norte,-156,CAGED Antigo
2014-11-01,15,PA,Norte,-2280,CAGED Antigo
2014-11-01,16,AP,Norte,439,CAGED Antigo
2014-11-01,17,TO,Norte,-721,CAGED Antigo
2014-11-01,21,MA,Nordeste,-3968,CAGED Antigo
2014-11-01,22,PI,Nordeste,465,CAGED Antigo
2014-11-01,23,CE,Nordeste,8032,CAGED Antigo
2014-11-01,24,RN,Nordeste,1124,CAGED Antigo
2014-11-01,25,PB,Nordeste,2448,CAGED Antigo
2014-11-01,26,PE,Nordeste,-6154,CAGED Antigo
2014-11-01,27,AL,Nordeste,4277,CAGED Antigo
2014-11-01,28,SE,Nordeste,2103,CAGED Antigo
2014-11-01,29,BA,Nordeste,2904,CAGED Antigo
2014-11-01,31,MG,Sudeste,-5560,CAGED Antigo
2014-11-01,32,ES,Sudeste,1270,CAGED Antigo
2014-11-01,33,RJ,Sudeste,14051,CAGED Antigo
2014-11-01,35,SP,Sudeste,-18319,CAGED Antigo
2014-11-01,41,PR,Sul,4860,CAGED Antigo
2014-11-01,42,SC,Sul,8460,CAGED Antigo
2014-11-01,43,RS,Sul,10912,CAGED Antigo
2014-11-01,50,MS,Centro-Oeste,-1202,CAGED Antigo
2014-11-01,51,MT,Centro-Oeste,-6201,CAGED Antigo
2014-11-01,52,GO,Centro-Oeste,-6528,CAGED Antigo
2014-11-01,53,DF,Centro-Oeste,-575,CAGED Antigo
2015-02-01,11,RO,Norte,-1792,CAGED Antigo
2015-02-01,12,AC,Norte,-577,CAGED Antigo
2015-02-01,13,AM,Norte,-2017,CAGED Antigo
2015-02-01,14,RR,Norte,-30,CAGED Antigo
2015-02-01,15,PA,Norte,-851,CAGED Antigo
2015-02-01,16,AP,Norte,-555,CAGED Antigo
2015-02-01,17,TO,Norte,1098,CAGED Antigo
2015-02-01,21,MA,Nordeste,-2260,CAGED Antigo
2015-02-01,22,PI,Nordeste,106,CAGED Antigo
2015-02-01,23,CE,Nordeste,-2027,CAGED Antigo
2015-02-01,24,RN,Nordeste,-4013,CAGED Antigo
2015-02-01,25,PB,Nordeste,-1210,CAGED Antigo
2015-02-01,26,PE,Nordeste,-10660,CAGED Antigo
2015-02-01,27,AL,Nordeste,-507,CAGED Antigo
2015-02-01,28,SE,Nordeste,-157,CAGED Antigo
2015-02-01,29,BA,Nordeste,-6800,CAGED Antigo
2015-02-01,31,MG,Sudeste,3167,CAGED Antigo
2015-02-01,32,ES,Sudeste,-3061,CAGED Antigo
2015-02-01,33,RJ,Sudeste,-11101,CAGED Antigo
2015-02-01,35,SP,Sudeste,6149,CAGED Antigo
2015-02-01,41,PR,Sul,8574,CAGED Antigo
2015-02-01,42,SC,Sul,12108,CAGED Antigo
2015-02-01,43,RS,Sul,3220,CAGED Antigo
2015-02-01,50,MS,Centro-Oeste,1574,CAGED Antigo
2015-02-01,51,MT,Centro-Oeste,5159,CAGED Antigo
2015-02-01,52,GO,Centro-Oeste,4459,CAGED Antigo
2015-02-01,53,DF,Centro-Oeste,-411,CAGED Antigo
2015-04-01,11,RO,Norte,-1072,CAGED Antigo
2015-04-01,12,AC,Norte,95,CAGED Antigo
2015-04-01,13,AM,Norte,-3899,CAGED Antigo
2015-04-01,14,RR,Norte,-209,CAGED Antigo
2015-04-01,15,PA,Norte,-2980,CAGED Antigo
2015-04-01,16,AP,Norte,-34,CAGED Antigo
2015-04-01,17,TO,Norte,-272,CAGED Antigo
2015-04-01,21,MA,Nordeste,-735,CAGED Antigo
2015-04-01,22,PI,Nordeste,612,CAGED Antigo
2015-04-01,23,CE,Nordeste,-3547,CAGED Antigo
2015-04-01,24,RN,Nordeste,-1345,CAGED Antigo
2015-04-01,25,PB,Nordeste,-3107,CAGED Antigo
2015-04-01,26,PE,Nordeste,-20154,CAGED Antigo
2015-04-01,27,AL,Nordeste,-13269,CAGED Antigo
2015-04-01,28,SE,Nordeste,-2039,CAGED Antigo
2015-04-01,29,BA,Nordeste,-893,CAGED Antigo
2015-04-01,31,MG,Sudeste,-6964,CAGED Antigo
2015-04-01,32,ES,Sudeste,-1273,CAGED Antigo
2015-04-01,33,RJ,Sudeste,-12599,CAGED Antigo
2015-04-01,35,SP,Sudeste,-11076,CAGED Antigo
2015-04-01,41,PR,Sul,-2002,CAGED Antigo
2015-04-01,42,SC,Sul,-4209,CAGED Antigo
2015-04-01,43,RS,Sul,-7278,CAGED Antigo
2015-04-01,50,MS,Centro-Oeste,369,CAGED Antigo
2015-04-01,51,MT,Centro-Oeste,-3286,CAGED Antigo
2015-04-01,52,GO,Centro-Oeste,2285,CAGED Antigo
2015-04-01,53,DF,Centro-Oeste,1053,CAGED Antigo
2015-05-01,11,RO,Norte,-694,CAGED Antigo
2015-05-01,12,AC,Norte,193,CAGED Antigo
2015-05-01,13,AM,Norte,-4758,CAGED Antigo
2015-05-01,14,RR,Norte,-217,CAGED Antigo
2015-05-01,15,PA,Norte,-1173,CAGED Antigo
2015-05-01,16,AP,Norte,-1039,CAGED Antigo
2015-05-01,17,TO,Norte,-260,CAGED Antigo
2015-05-01,21,MA,Nordeste,-1262,CAGED Antigo
2015-05-01,22,PI,Nordeste,63,CAGED Antigo
2015-05-01,23,CE,Nordeste,-1679,CAGED Antigo
2015-05-01,24,RN,Nordeste,-1405,CAGED Antigo
2015-05-01,25,PB,Nordeste,-2125,CAGED Antigo
2015-05-01,26,PE,Nordeste,-7303,CAGED Antigo
2015-05-01,27,AL,Nordeste,-9627,CAGED Antigo
2015-05-01,28,SE,Nordeste,-4046,CAGED Antigo
2015-05-01,29,BA,Nordeste,-7419,CAGED Antigo
2015-05-01,31,MG,Sudeste,-10024,CAGED Antigo
2015-05-01,32,ES,Sudeste,-2101,CAGED Antigo
2015-05-01,33,RJ,Sudeste,-11105,CAGED Antigo
2015-05-01,35,SP,Sudeste,-23037,CAGED Antigo
2015-05-01,41,PR,Sul,-1361,CAGED Antigo
2015-05-01,42,SC,Sul,-6717,CAGED Antigo
2015-05-01,43,RS,Sul,-15815,CAGED Antigo
2015-05-01,50,MS,Centro-Oeste,534,CAGED Antigo
2015-05-01,51,MT,Centro-Oeste,-1924,CAGED Antigo
2015-05-01,52,GO,Centro-Oeste,333,CAGED Antigo
2015-05-01,53,DF,Centro-Oeste,-1631,CAGED Antigo
2015-06-01,11,RO,Norte,-1765,CAGED Antigo
2015-06-01,12,AC,Norte,95,CAGED Antigo
2015-06-01,13,AM,Norte,-3859,CAGED Antigo
2015-06-01,14,RR,Norte,-106,CAGED Antigo
2015-06-01,15,PA,Norte,-1710,CAGED Antigo
2015-06-01,16,AP,Norte,-427,CAGED Antigo
2015-06-01,17,TO,Norte,-224,CAGED Antigo
2015-06-01,21,MA,Nordeste,2001,CAGED Antigo
2015-06-01,22,PI,Nordeste,-879,CAGED Antigo
2015-06-01,23,CE,Nordeste,1222,CAGED Antigo
2015-06-01,24,RN,Nordeste,-2188,CAGED Antigo
2015-06-01,25,PB,Nordeste,-1487,CAGED Antigo
2015-06-01,26,PE,Nordeste,-6339,CAGED Antigo
2015-06-01,27,AL,Nordeste,-1646,CAGED Antigo
2015-06-01,28,SE,Nordeste,-149,CAGED Antigo
2015-06-01,29,BA,Nordeste,-9124,CAGED Antigo
2015-06-01,31,MG,Sudeste,9746,CAGED Antigo
2015-06-01,32,ES,Sudeste,-7135,CAGED Antigo
2015-06-01,33,RJ,Sudeste,-7619,CAGED Antigo
2015-06-01,35,SP,Sudeste,-52286,CAGED Antigo
2015-06-01,41,PR,Sul,-8893,CAGED Antigo
2015-06-01,42,SC,Sul,-7922,CAGED Antigo
2015-06-01,43,RS,Sul,-14013,CAGED Antigo
2015-06-01,50,MS,Centro-Oeste,-236,CAGED Antigo
2015-06-01,51,MT,Centro-Oeste,3602,CAGED Antigo
2015-06-01,52,GO,Centro-Oeste,1863,CAGED Antigo
2015-06-01,53,DF,Centro-Oeste,-1721,CAGED Antigo
2015-08-01,11,RO,Norte,-665,CAGED Antigo
2015-08-01,12,AC,Norte,1179,CAGED Antigo
2015-08-01,13,AM,Norte,-1633,CAGED Antigo
2015-08-01,14,RR,Norte,117,CAGED Antigo
2015-08-01,15,PA,Norte,-1312,CAGED Antigo
2015-08-01,16,AP,Norte,-207,CAGED Antigo
2015-08-01,17,TO,Norte,154,CAGED Antigo
2015-08-01,21,MA,Nordeste,947,CAGED Antigo
2015-08-01,22,PI,Nordeste,613,CAGED Antigo
2015-08-01,23,CE,Nordeste,871,CAGED Antigo
2015-08-01,24,RN,Nordeste,-285,CAGED Antigo
2015-08-01,25,PB,Nordeste,4293,CAGED Antigo
2015-08-01,26,PE,Nordeste,-1920,CAGED Antigo
2015-08-01,27,AL,Nordeste,2505,CAGED Antigo
2015-08-01,28,SE,Nordeste,722,CAGED Antigo
2015-08-01,29,BA,Nordeste,-6853,CAGED Antigo
2015-08-01,31,MG,Sudeste,-23849,CAGED Antigo
2015-08-01,32,ES,Sudeste,-4503,CAGED Antigo
2015-08-01,33,RJ,Sudeste,-8846,CAGED Antigo
2015-08-01,35,SP,Sudeste,-16992,CAGED Antigo
2015-08-01,41,PR,Sul,-8194,CAGED Antigo
2015-08-01,42,SC,Sul,-6925,CAGED Antigo
2015-08-01,43,RS,Sul,-12737,CAGED Antigo
2015-08-01,50,MS,Centro-Oeste,-1487,CAGED Antigo
2015-08-01,51,MT,Centro-Oeste,-633,CAGED Antigo
2015-08-01,52,GO,Centro-Oeste,-859,CAGED Antigo
2015-08-01,53,DF,Centro-Oeste,-44,CAGED Antigo
2015-09-01,11,RO,Norte,-726,CAGED Antigo
2015-09-01,12,AC,Norte,-122,CAGED Antigo
2015-09-01,13,AM,Norte,-1610,CAGED Antigo
2015-09-01,14,RR,Norte,350,CAGED Antigo
2015-09-01,15,PA,Norte,-741,CAGED Antigo
2015-09-01,16,AP,Norte,-167,CAGED Antigo
2015-09-01,17,TO,Norte,-454,CAGED Antigo
2015-09-01,21,MA,Nordeste,221,CAGED Antigo
2015-09-01,22,PI,Nordeste,264,CAGED Antigo
2015-09-01,23,CE,Nordeste,-1508,CAGED Antigo
2015-09-01,24,RN,Nordeste,2172,CAGED Antigo
2015-09-01,25,PB,Nordeste,1199,CAGED Antigo
2015-09-01,26,PE,Nordeste,15248,CAGED Antigo
2015-09-01,27,AL,Nordeste,11207,CAGED Antigo
2015-09-01,28,SE,Nordeste,1675,CAGED Antigo
2015-09-01,29,BA,Nordeste,-4360,CAGED Antigo
2015-09-01,31,MG,Sudeste,-32423,CAGED Antigo
2015-09-01,32,ES,Sudeste,-2402,CAGED Antigo
2015-09-01,33,RJ,Sudeste,-7510,CAGED Antigo
2015-09-01,35,SP,Sudeste,-45869,CAGED Antigo
2015-09-01,41,PR,Sul,-8472,CAGED Antigo
2015-09-01,42,SC,Sul,-4425,CAGED Antigo
2015-09-01,43,RS,Sul,-8191,CAGED Antigo
2015-09-01,50,MS,Centro-Oeste,-2815,CAGED Antigo
2015-09-01,51,MT,Centro-Oeste,-1213,CAGED Antigo
2015-09-01,52,GO,Centro-Oeste,-4408,CAGED Antigo
2015-09-01,53,DF,Centro-Oeste,-522,CAGED Antigo
2015-10-01,11,RO,Norte,-2470,CAGED Antigo
2015-10-01,12,AC,Norte,-733,CAGED Antigo
2015-10-01,13,AM,Norte,-3769,CAGED Antigo
2015-10-01,14,RR,Norte,-195,CAGED Antigo
2015-10-01,15,PA,Norte,-9136,CAGED Antigo
2015-10-01,16,AP,Norte,-4,CAGED Antigo
2015-10-01,17,TO,Norte,47,CAGED Antigo
2015-10-01,21,MA,Nordeste,-2311,CAGED Antigo
2015-10-01,22,PI,Nordeste,-591,CAGED Antigo
2015-10-01,23,CE,Nordeste,-4787,CAGED Antigo
2015-10-01,24,RN,Nordeste,-470,CAGED Antigo
2015-10-01,25,PB,Nordeste,-760,CAGED Antigo
2015-10-01,26,PE,Nordeste,-5821,CAGED Antigo
2015-10-01,27,AL,Nordeste,6456,CAGED Antigo
2015-10-01,28,SE,Nordeste,1063,CAGED Antigo
2015-10-01,29,BA,Nordeste,-10409,CAGED Antigo
2015-10-01,31,MG,Sudeste,-24502,CAGED Antigo
2015-10-01,32,ES,Sudeste,-3371,CAGED Antigo
2015-10-01,33,RJ,Sudeste,-19088,CAGED Antigo
2015-10-01,35,SP,Sudeste,-50423,CAGED Antigo
2015-10-01,41,PR,Sul,-8695,CAGED Antigo
2015-10-01,42,SC,Sul,-4475,CAGED Antigo
2015-10-01,43,RS,Sul,-8252,CAGED Antigo
2015-10-01,50,MS,Centro-Oeste,41,CAGED Antigo
2015-10-01,51,MT,Centro-Oeste,-4270,CAGED Antigo
2015-10-01,52,GO,Centro-Oeste,-9866,CAGED Antigo
2015-10-01,53,DF,Centro-Oeste,-2340,CAGED Antigo
2015-12-01,11,RO,Norte,-2853,CAGED Antigo
2015-12-01,12,AC,Norte,-973,CAGED Antigo
2015-12-01,13,AM,Norte,-8636,CAGED Antigo
2015-12-01,14,RR,Norte,-406,CAGED Antigo
2015-12-01,15,PA,Norte,-14070,CAGED Antigo
2015-12-01,16,AP,Norte,-638,CAGED Antigo
2015-12-01,17,TO,Norte,-2077,CAGED Antigo
2015-12-01,21,MA,Nordeste,-7324,CAGED Antigo
2015-12-01,22,PI,Nordeste,-3252,CAGED Antigo
2015-12-01,23,CE,Nordeste,-10120,CAGED Antigo
2015-12-01,24,RN,Nordeste,-4359,CAGED Antigo
2015-12-01,25,PB,Nordeste,-4487,CAGED Antigo
2015-12-01,26,PE,Nordeste,-16031,CAGED Antigo
2015-12-01,27,AL,Nordeste,-1216,CAGED Antigo
2015-12-01,28,SE,Nordeste,-2250,CAGED Antigo
2015-12-01,29,BA,Nordeste,-18968,CAGED Antigo
2015-12-01,31,MG,Sudeste,-65249,CAGED Antigo
2015-12-01,32,ES,Sudeste,-10848,CAGED Antigo
2015-12-01,33,RJ,Sudeste,-40071,CAGED Antigo
2015-12-01,35,SP,Sudeste,-213330,CAGED Antigo
2015-12-01,41,PR,Sul,-45115,CAGED Antigo
2015-12-01,42,SC,Sul,-34971,CAGED Antigo
2015-12-01,43,RS,Sul,-34372,CAGED Antigo
2015-12-01,50,MS,Centro-Oeste,-7352,CAGED Antigo
2015-12-01,51,MT,Centro-Oeste,-14030,CAGED Antigo
2015-12-01,52,GO,Centro-Oeste,-23579,CAGED Antigo
2015-12-01,53,DF,Centro-Oeste,-9631,CAGED Antigo
2016-01-01,11,RO,Norte,-1501,CAGED Antigo
2016-01-01,12,AC,Norte,-286,CAGED Antigo
2016-01-01,13,AM,Norte,-4657,CAGED Antigo
2016-01-01,14,RR,Norte,-84,CAGED Antigo
2016-01-01,15,PA,Norte,-4470,CAGED Antigo
2016-01-01,16,AP,Norte,-370,CAGED Antigo
2016-01-01,17,TO,Norte,-128,CAGED Antigo
2016-01-01,21,MA,Nordeste,-3241,CAGED Antigo
2016-01-01,22,PI,Nordeste,-2309,CAGED Antigo
2016-01-01,23,CE,Nordeste,-8146,CAGED Antigo
2016-01-01,24,RN,Nordeste,-2944,CAGED Antigo
2016-01-01,25,PB,Nordeste,189,CAGED Antigo
2016-01-01,26,PE,Nordeste,-13410,CAGED Antigo
2016-01-01,27,AL,Nordeste,-1942,CAGED Antigo
2016-01-01,28,SE,Nordeste,-421,CAGED Antigo
2016-01-01,29,BA,Nordeste,-1187,CAGED Antigo
2016-01-01,31,MG,Sudeste,-16418,CAGED Antigo
2016-01-01,32,ES,Sudeste,-2933,CAGED Antigo
2016-01-01,33,RJ,Sudeste,-25549,CAGED Antigo
2016-01-01,35,SP,Sudeste,-27056,CAGED Antigo
2016-01-01,41,PR,Sul,1074,CAGED Antigo
2016-01-01,42,SC,Sul,7211,CAGED Antigo
2016-01-01,43,RS,Sul,7263,CAGED Antigo
2016-01-01,50,MS,Centro-Oeste,-163,CAGED Antigo
2016-01-01,51,MT,Centro-Oeste,6900,CAGED Antigo
2016-01-01,52,GO,Centro-Oeste,-1618,CAGED Antigo
2016-01-01,53,DF,Centro-Oeste,-3498,CAGED Antigo
2016-02-01,11,RO,Norte,-1252,CAGED Antigo
2016-02-01,12,AC,Norte,-531,CAGED Antigo
2016-02-01,13,AM,Norte,-2690,CAGED Antigo
2016-02-01,14,RR,Norte,-83,CAGED Antigo
2016-02-01,15,PA,Norte,-2364,CAGED Antigo
2016-02-01,16,AP,Norte,-1002,CAGED Antigo
2016-02-01,17,TO,Norte,88,CAGED Antigo
2016-02-01,21,MA,Nordeste,-5833,CAGED Antigo
2016-02-01,22,PI,Nordeste,-3475,CAGED Antigo
2016-02-01,23,CE,Nordeste,-4171,CAGED Antigo
2016-02-01,24,RN,Nordeste,-4438,CAGED Antigo
2016-02-01,25,PB,Nordeste,-6672,CAGED Antigo
2016-02-01,26,PE,Nordeste,-15874,CAGED Antigo
2016-02-01,27,AL,Nordeste,-10085,CAGED Antigo
2016-02-01,28,SE,Nordeste,-1989,CAGED Antigo
2016-02-01,29,BA,Nordeste,-5812,CAGED Antigo
2016-02-01,31,MG,Sudeste,-3309,CAGED Antigo
2016-02-01,32,ES,Sudeste,-4165,CAGED Antigo
2016-02-01,33,RJ,Sudeste,-22287,CAGED Antigo
2016-02-01,35,SP,Sudeste,-22110,CAGED Antigo
2016-02-01,41,PR,Sul,-2050,CAGED Antigo
2016-02-01,42,SC,Sul,4793,CAGED Antigo
2016-02-01,43,RS,Sul,6070,CAGED Antigo
2016-02-01,50,MS,Centro-Oeste,1124,CAGED Antigo
2016-02-01,51,MT,Centro-Oeste,3683,CAGED Antigo
2016-02-01,52,GO,Centro-Oeste,2327,CAGED Antigo
2016-02-01,53,DF,Centro-Oeste,-2475,CAGED Antigo
2016-04-01,11,RO,Norte,-758,CAGED Antigo
2016-04-01,12,AC,Norte,-463,CAGED Antigo
2016-04-01,13,AM,Norte,-2045,CAGED Antigo
2016-04-01,14,RR,Norte,-64,CAGED Antigo
2016-04-01,15,PA,Norte,-2128,CAGED Antigo
2016-04-01,16,AP,Norte,50,CAGED Antigo
2016-04-01,17,TO,Norte,-327,CAGED Antigo
2016-04-01,21,MA,Nordeste,-3031,CAGED Antigo
2016-04-01,22,PI,Nordeste,-348,CAGED Antigo
2016-04-01,23,CE,Nordeste,-2266,CAGED Antigo
2016-04-01,24,RN,Nordeste,-2652,CAGED Antigo
2016-04-01,25,PB,Nordeste,-1054,CAGED Antigo
2016-04-01,26,PE,Nordeste,-5255,CAGED Antigo
2016-04-01,27,AL,Nordeste,-7102,CAGED Antigo
2016-04-01,28,SE,Nordeste,-1262,CAGED Antigo
2016-04-01,29,BA,Nordeste,-3022,CAGED Antigo
2016-04-01,31,MG,Sudeste,3886,CAGED Antigo
2016-04-01,32,ES,Sudeste,466,CAGED Antigo
2016-04-01,33,RJ,Sudeste,-11754,CAGED Antigo
2016-04-01,35,SP,Sudeste,-16583,CAGED Antigo
2016-04-01,41,PR,Sul,-1163,CAGED Antigo
2016-04-01,42,SC,Sul,-2772,CAGED Antigo
2016-04-01,43,RS,Sul,-7383,CAGED Antigo
2016-04-01,50,MS,Centro-Oeste,919,CAGED Antigo
2016-04-01,51,MT,Centro-Oeste,-3105,CAGED Antigo
2016-04-01,52,GO,Centro-Oeste,5170,CAGED Antigo
2016-04-01,53,DF,Centro-Oeste,1202,CAGED Antigo
2016-06-01,11,RO,Norte,-1080,CAGED Antigo
2016-06-01,12,AC,Norte,191,CAGED Antigo
2016-06-01,13,AM,Norte,-1231,CAGED Antigo
2016-06-01,14,RR,Norte,-232,CAGED Antigo
2016-06-01,15,PA,Norte,-2100,CAGED Antigo
2016-06-01,16,AP,Norte,54,CAGED Antigo
2016-06-01,17,TO,Norte,-239,CAGED Antigo
2016-06-01,21,MA,Nordeste,17,CAGED Antigo
2016-06-01,22,PI,Nordeste,101,CAGED Antigo
2016-06-01,23,CE,Nordeste,-1926,CAGED Antigo
2016-06-01,24,RN,Nordeste,-1163,CAGED Antigo
2016-06-01,25,PB,Nordeste,-847,CAGED Antigo
2016-06-01,26,PE,Nordeste,-2877,CAGED Antigo
2016-06-01,27,AL,Nordeste,-904,CAGED Antigo
2016-06-01,28,SE,Nordeste,-647,CAGED Antigo
2016-06-01,29,BA,Nordeste,-7976,CAGED Antigo
2016-06-01,31,MG,Sudeste,4567,CAGED Antigo
2016-06-01,32,ES,Sudeste,-6428,CAGED Antigo
2016-06-01,33,RJ,Sudeste,-15748,CAGED Antigo
2016-06-01,35,SP,Sudeste,-29914,CAGED Antigo
2016-06-01,41,PR,Sul,-7130,CAGED Antigo
2016-06-01,42,SC,Sul,-8290,CAGED Antigo
2016-06-01,43,RS,Sul,-10340,CAGED Antigo
2016-06-01,50,MS,Centro-Oeste,35,CAGED Antigo
2016-06-01,51,MT,Centro-Oeste,2589,CAGED Antigo
2016-06-01,52,GO,Centro-Oeste,3369,CAGED Antigo
2016-06-01,53,DF,Centro-Oeste,-2883,CAGED Antigo
2016-07-01,11,RO,Norte,-1119,CAGED Antigo
2016-07-01,12,AC,Norte,765,CAGED Antigo
2016-07-01,13,AM,Norte,-672,CAGED Antigo
2016-07-01,14,RR,Norte,-90,CAGED Antigo
2016-07-01,15,PA,Norte,-1531,CAGED Antigo
2016-07-01,16,AP,Norte,-405,CAGED Antigo
2016-07-01,17,TO,Norte,-654,CAGED Antigo
2016-07-01,21,MA,Nordeste,214,CAGED Antigo
2016-07-01,22,PI,Nordeste,-629,CAGED Antigo
2016-07-01,23,CE,Nordeste,-4677,CAGED Antigo
2016-07-01,24,RN,Nordeste,2,CAGED Antigo
2016-07-01,25,PB,Nordeste,-97,CAGED Antigo
2016-07-01,26,PE,Nordeste,-4043,CAGED Antigo
2016-07-01,27,AL,Nordeste,-1548,CAGED Antigo
2016-07-01,28,SE,Nordeste,-1495,CAGED Antigo
2016-07-01,29,BA,Nordeste,-7285,CAGED Antigo
2016-07-01,31,MG,Sudeste,-15345,CAGED Antigo
2016-07-01,32,ES,Sudeste,-4373,CAGED Antigo
2016-07-01,33,RJ,Sudeste,-12125,CAGED Antigo
2016-07-01,35,SP,Sudeste,-13795,CAGED Antigo
2016-07-01,41,PR,Sul,-5618,CAGED Antigo
2016-07-01,42,SC,Sul,-5819,CAGED Antigo
2016-07-01,43,RS,Sul,-12166,CAGED Antigo
2016-07-01,50,MS,Centro-Oeste,652,CAGED Antigo
2016-07-01,51,MT,Centro-Oeste,2016,CAGED Antigo
2016-07-01,52,GO,Centro-Oeste,-1532,CAGED Antigo
2016-07-01,53,DF,Centro-Oeste,-3355,CAGED Antigo
2016-08-01,11,RO,Norte,-220,CAGED Antigo
2016-08-01,12,AC,Norte,-29,CAGED Antigo
2016-08-01,13,AM,Norte,983,CAGED Antigo
2016-08-01,14,RR,Norte,63,CAGED Antigo
2016-08-01,15,PA,Norte,-2919,CAGED Antigo
2016-08-01,16,AP,Norte,-60,CAGED Antigo
2016-08-01,17,TO,Norte,357,CAGED Antigo
2016-08-01,21,MA,Nordeste,2246,CAGED Antigo
2016-08-01,22,PI,Nordeste,-8,CAGED Antigo
2016-08-01,23,CE,Nordeste,406,CAGED Antigo
2016-08-01,24,RN,Nordeste,2237,CAGED Antigo
2016-08-01,25,PB,Nordeste,5905,CAGED Antigo
2016-08-01,26,PE,Nordeste,9035,CAGED Antigo
2016-08-01,27,AL,Nordeste,4099,CAGED Antigo
2016-08-01,28,SE,Nordeste,-1001,CAGED Antigo
2016-08-01,29,BA,Nordeste,-3516,CAGED Antigo
2016-08-01,31,MG,Sudeste,-13121,CAGED Antigo
2016-08-01,32,ES,Sudeste,-4862,CAGED Antigo
2016-08-01,33,RJ,Sudeste,-28321,CAGED Antigo
2016-08-01,35,SP,Sudeste,-4498,CAGED Antigo
2016-08-01,41,PR,Sul,533,CAGED Antigo
2016-08-01,42,SC,Sul,3014,CAGED Antigo
2016-08-01,43,RS,Sul,-1690,CAGED Antigo
2016-08-01,50,MS,Centro-Oeste,1077,CAGED Antigo
2016-08-01,51,MT,Centro-Oeste,-2890,CAGED Antigo
2016-08-01,52,GO,Centro-Oeste,956,CAGED Antigo
2016-08-01,53,DF,Centro-Oeste,-1729,CAGED Antigo
2016-09-01,11,RO,Norte,-354,CAGED Antigo
2016-09-01,12,AC,Norte,-65,CAGED Antigo
2016-09-01,13,AM,Norte,495,CAGED Antigo
2016-09-01,14,RR,Norte,345,CAGED Antigo
2016-09-01,15,PA,Norte,-1007,CAGED Antigo
2016-09-01,16,AP,Norte,-294,CAGED Antigo
2016-09-01,17,TO,Norte,-162,CAGED Antigo
2016-09-01,21,MA,Nordeste,-1598,CAGED Antigo
2016-09-01,22,PI,Nordeste,-862,CAGED Antigo
2016-09-01,23,CE,Nordeste,993,CAGED Antigo
2016-09-01,24,RN,Nordeste,2032,CAGED Antigo
2016-09-01,25,PB,Nordeste,566,CAGED Antigo
2016-09-01,26,PE,Nordeste,15721,CAGED Antigo
2016-09-01,27,AL,Nordeste,13395,CAGED Antigo
2016-09-01,28,SE,Nordeste,-396,CAGED Antigo
2016-09-01,29,BA,Nordeste,-331,CAGED Antigo
2016-09-01,31,MG,Sudeste,-16238,CAGED Antigo
2016-09-01,32,ES,Sudeste,-1909,CAGED Antigo
2016-09-01,33,RJ,Sudeste,-23521,CAGED Antigo
2016-09-01,35,SP,Sudeste,-21853,CAGED Antigo
2016-09-01,41,PR,Sul,413,CAGED Antigo
2016-09-01,42,SC,Sul,3550,CAGED Antigo
2016-09-01,43,RS,Sul,-2828,CAGED Antigo
2016-09-01,50,MS,Centro-Oeste,1368,CAGED Antigo
2016-09-01,51,MT,Centro-Oeste,-526,CAGED Antigo
2016-09-01,52,GO,Centro-Oeste,-4492,CAGED Antigo
2016-09-01,53,DF,Centro-Oeste,-1724,CAGED Antigo
2016-10-01,11,RO,Norte,-1833,CAGED Antigo
2016-10-01,12,AC,Norte,-336,CAGED Antigo
2016-10-01,13,AM,Norte,509,CAGED Antigo
2016-10-01,14,RR,Norte,-207,CAGED Antigo
2016-10-01,15,PA,Norte,-4619,CAGED Antigo
2016-10-01,16,AP,Norte,116,CAGED Antigo
2016-10-01,17,TO,Norte,98,CAGED Antigo
2016-10-01,21,MA,Nordeste,-410,CAGED Antigo
2016-10-01,22,PI,Nordeste,-1797,CAGED Antigo
2016-10-01,23,CE,Nordeste,-2136,CAGED Antigo
2016-10-01,24,RN,Nordeste,-736,CAGED Antigo
2016-10-01,25,PB,Nordeste,-850,CAGED Antigo
2016-10-01,26,PE,Nordeste,-3549,CAGED Antigo
2016-10-01,27,AL,Nordeste,5832,CAGED Antigo
2016-10-01,28,SE,Nordeste,1932,CAGED Antigo
2016-10-01,29,BA,Nordeste,-5601,CAGED Antigo
2016-10-01,31,MG,Sudeste,-5889,CAGED Antigo
2016-10-01,32,ES,Sudeste,-1827,CAGED Antigo
2016-10-01,33,RJ,Sudeste,-20563,CAGED Antigo
2016-10-01,35,SP,Sudeste,-21995,CAGED Antigo
2016-10-01,41,PR,Sul,-387,CAGED Antigo
2016-10-01,42,SC,Sul,1267,CAGED Antigo
2016-10-01,43,RS,Sul,2386,CAGED Antigo
2016-10-01,50,MS,Centro-Oeste,1010,CAGED Antigo
2016-10-01,51,MT,Centro-Oeste,-2444,CAGED Antigo
2016-10-01,52,GO,Centro-Oeste,-10315,CAGED Antigo
2016-10-01,53,DF,Centro-Oeste,-2404,CAGED Antigo
2016-11-01,11,RO,Norte,-2385,CAGED Antigo
2016-11-01,12,AC,Norte,-1007,CAGED Antigo
2016-11-01,13,AM,Norte,-1079,CAGED Antigo
2016-11-01,14,RR,Norte,-23,CAGED Antigo
2016-11-01,15,PA,Norte,-3505,CAGED Antigo
2016-11-01,16,AP,Norte,-152,CAGED Antigo
2016-11-01,17,TO,Norte,-1348,CAGED Antigo
2016-11-01,21,MA,Nordeste,-1748,CAGED Antigo
2016-11-01,22,PI,Nordeste,-41,CAGED Antigo
2016-11-01,23,CE,Nordeste,-665,CAGED Antigo
2016-11-01,24,RN,Nordeste,-820,CAGED Antigo
2016-11-01,25,PB,Nordeste,-347,CAGED Antigo
2016-11-01,26,PE,Nordeste,-3232,CAGED Antigo
2016-11-01,27,AL,Nordeste,284,CAGED Antigo
2016-11-01,28,SE,Nordeste,116,CAGED Antigo
2016-11-01,29,BA,Nordeste,-7547,CAGED Antigo
2016-11-01,31,MG,Sudeste,-11402,CAGED Antigo
2016-11-01,32,ES,Sudeste,-2212,CAGED Antigo
2016-11-01,33,RJ,Sudeste,-12438,CAGED Antigo
2016-11-01,35,SP,Sudeste,-39675,CAGED Antigo
2016-11-01,41,PR,Sul,-7467,CAGED Antigo
2016-11-01,42,SC,Sul,-1013,CAGED Antigo
2016-11-01,43,RS,Sul,1191,CAGED Antigo
2016-11-01,50,MS,Centro-Oeste,-1396,CAGED Antigo
2016-11-01,51,MT,Centro-Oeste,-9037,CAGED Antigo
2016-11-01,52,GO,Centro-Oeste,-9123,CAGED Antigo
2016-11-01,53,DF,Centro-Oeste,-676,CAGED Antigo
2016-12-01,11,RO,Norte,-1996,CAGED Antigo
2016-12-01,12,AC,Norte,-642,CAGED Antigo
2016-12-01,13,AM,Norte,-5032,CAGED Antigo
2016-12-01,14,RR,Norte,-490,CAGED Antigo
2016-12-01,15,PA,Norte,-10596,CAGED Antigo
2016-12-01,16,AP,Norte,-360,CAGED Antigo
2016-12-01,17,TO,Norte,-1673,CAGED Antigo
2016-12-01,21,MA,Nordeste,-4747,CAGED Antigo
2016-12-01,22,PI,Nordeste,-1968,CAGED Antigo
2016-12-01,23,CE,Nordeste,-6706,CAGED Antigo
2016-12-01,24,RN,Nordeste,-3321,CAGED Antigo
2016-12-01,25,PB,Nordeste,-3858,CAGED Antigo
2016-12-01,26,PE,Nordeste,-14639,CAGED Antigo
2016-12-01,27,AL,Nordeste,-1993,CAGED Antigo
2016-12-01,28,SE,Nordeste,-2897,CAGED Antigo
2016-12-01,29,BA,Nordeste,-16272,CAGED Antigo
2016-12-01,31,MG,Sudeste,-51823,CAGED Antigo
2016-12-01,32,ES,Sudeste,-7450,CAGED Antigo
2016-12-01,33,RJ,Sudeste,-39846,CAGED Antigo
2016-12-01,35,SP,Sudeste,-159280,CAGED Antigo
2016-12-01,41,PR,Sul,-30457,CAGED Antigo
2016-12-01,42,SC,Sul,-26329,CAGED Antigo
2016-12-01,43,RS,Sul,-28743,CAGED Antigo
2016-12-01,50,MS,Centro-Oeste,-7797,CAGED Antigo
2016-12-01,51,MT,Centro-Oeste,-12026,CAGED Antigo
2016-12-01,52,GO,Centro-Oeste,-15271,CAGED Antigo
2016-12-01,53,DF,Centro-Oeste,-6154,CAGED Antigo
2017-01-01,11,RO,Norte,-1875,CAGED Antigo
2017-01-01,12,AC,Norte,25,CAGED Antigo
2017-01-01,13,AM,Norte,-1426,CAGED Antigo
2017-01-01,14,RR,Norte,258,CAGED Antigo
2017-01-01,15,PA,Norte,-2809,CAGED Antigo
2017-01-01,16,AP,Norte,-331,CAGED Antigo
2017-01-01,17,TO,Norte,-677,CAGED Antigo
2017-01-01,21,MA,Nordeste,-2149,CAGED Antigo
2017-01-01,22,PI,Nordeste,-451,CAGED Antigo
2017-01-01,23,CE,Nordeste,-7436,CAGED Antigo
2017-01-01,24,RN,Nordeste,-2955,CAGED Antigo
2017-01-01,25,PB,Nordeste,-6438,CAGED Antigo
2017-01-01,26,PE,Nordeste,-13910,CAGED Antigo
2017-01-01,27,AL,Nordeste,-6706,CAGED Antigo
2017-01-01,28,SE,Nordeste,-613,CAGED Antigo
2017-01-01,29,BA,Nordeste,-145,CAGED Antigo
2017-01-01,31,MG,Sudeste,-185,CAGED Antigo
2017-01-01,32,ES,Sudeste,726,CAGED Antigo
2017-01-01,33,RJ,Sudeste,-26472,CAGED Antigo
2017-01-01,35,SP,Sudeste,-4457,CAGED Antigo
2017-01-01,41,PR,Sul,4973,CAGED Antigo
2017-01-01,42,SC,Sul,11284,CAGED Antigo
2017-01-01,43,RS,Sul,8134,CAGED Antigo
2017-01-01,50,MS,Centro-Oeste,871,CAGED Antigo
2017-01-01,51,MT,Centro-Oeste,10010,CAGED Antigo
2017-01-01,52,GO,Centro-Oeste,4767,CAGED Antigo
2017-01-01,53,DF,Centro-Oeste,-2877,CAGED Antigo
2017-02-01,11,RO,Norte,538,CAGED Antigo
2017-02-01,12,AC,Norte,-244,CAGED Antigo
2017-02-01,13,AM,Norte,-1774,CAGED Antigo
2017-02-01,14,RR,Norte,164,CAGED Antigo
2017-02-01,15,PA,Norte,-2038,CAGED Antigo
2017-02-01,16,AP,Norte,-11,CAGED Antigo
2017-02-01,17,TO,Norte,635,CAGED Antigo
2017-02-01,21,MA,Nordeste,-1963,CAGED Antigo
2017-02-01,22,PI,Nordeste,178,CAGED Antigo
2017-02-01,23,CE,Nordeste,64,CAGED Antigo
2017-02-01,24,RN,Nordeste,-1282,CAGED Antigo
2017-02-01,25,PB,Nordeste,-1144,CAGED Antigo
2017-02-01,26,PE,Nordeste,-16342,CAGED Antigo
2017-02-01,27,AL,Nordeste,-11403,CAGED Antigo
2017-02-01,28,SE,Nordeste,-3412,CAGED Antigo
2017-02-01,29,BA,Nordeste,-1704,CAGED Antigo
2017-02-01,31,MG,Sudeste,9025,CAGED Antigo
2017-02-01,32,ES,Sudeste,-2077,CAGED Antigo
2017-02-01,33,RJ,Sudeste,-8172,CAGED Antigo
2017-02-01,35,SP,Sudeste,25412,CAGED Antigo
2017-02-01,41,PR,Sul,9962,CAGED Antigo
2017-02-01,42,SC,Sul,14858,CAGED Antigo
2017-02-01,43,RS,Sul,10602,CAGED Antigo
2017-02-01,50,MS,Centro-Oeste,2517,CAGED Antigo
2017-02-01,51,MT,Centro-Oeste,4036,CAGED Antigo
2017-02-01,52,GO,Centro-Oeste,6849,CAGED Antigo
2017-02-01,53,DF,Centro-Oeste,2338,CAGED Antigo
2017-03-01,11,RO,Norte,-1086,CAGED Antigo
2017-03-01,12,AC,Norte,-545,CAGED Antigo
2017-03-01,13,AM,Norte,-1700,CAGED Antigo
2017-03-01,14,RR,Norte,-86,CAGED Antigo
2017-03-01,15,PA,Norte,-3316,CAGED Antigo
2017-03-01,16,AP,Norte,-50,CAGED Antigo
2017-03-01,17,TO,Norte,124,CAGED Antigo
2017-03-01,21,MA,Nordeste,-2801,CAGED Antigo
2017-03-01,22,PI,Nordeste,-947,CAGED Antigo
2017-03-01,23,CE,Nordeste,-4675,CAGED Antigo
2017-03-01,24,RN,Nordeste,-569,CAGED Antigo
2017-03-01,25,PB,Nordeste,-1939,CAGED Antigo
2017-03-01,26,PE,Nordeste,-3832,CAGED Antigo
2017-03-01,27,AL,Nordeste,-9335,CAGED Antigo
2017-03-01,28,SE,Nordeste,-2477,CAGED Antigo
2017-03-01,29,BA,Nordeste,-2920,CAGED Antigo
2017-03-01,31,MG,Sudeste,-6,CAGED Antigo
2017-03-01,32,ES,Sudeste,-794,CAGED Antigo
2017-03-01,33,RJ,Sudeste,-17894,CAGED Antigo
2017-03-01,35,SP,Sudeste,-9646,CAGED Antigo
2017-03-01,41,PR,Sul,1126,CAGED Antigo
2017-03-01,42,SC,Sul,-4638,CAGED Antigo
2017-03-01,43,RS,Sul,5236,CAGED Antigo
2017-03-01,50,MS,Centro-Oeste,1245,CAGED Antigo
2017-03-01,51,MT,Centro-Oeste,-5727,CAGED Antigo
2017-03-01,52,GO,Centro-Oeste,4304,CAGED Antigo
2017-03-01,53,DF,Centro-Oeste,-676,CAGED Antigo
2017-05-01,11,RO,Norte,194,CAGED Antigo
2017-05-01,12,AC,Norte,200,CAGED Antigo
2017-05-01,13,AM,Norte,-225,CAGED Antigo
2017-05-01,14,RR,Norte,267,CAGED Antigo
2017-05-01,15,PA,Norte,-1852,CAGED Antigo
2017-05-01,16,AP,Norte,-49,CAGED Antigo
2017-05-01,17,TO,Norte,441,CAGED Antigo
2017-05-01,21,MA,Nordeste,782,CAGED Antigo
2017-05-01,22,PI,Nordeste,836,CAGED Antigo
2017-05-01,23,CE,Nordeste,-2940,CAGED Antigo
2017-05-01,24,RN,Nordeste,-202,CAGED Antigo
2017-05-01,25,PB,Nordeste,-591,CAGED Antigo
2017-05-01,26,PE,Nordeste,-195,CAGED Antigo
2017-05-01,27,AL,Nordeste,-151,CAGED Antigo
2017-05-01,28,SE,Nordeste,-133,CAGED Antigo
2017-05-01,29,BA,Nordeste,2966,CAGED Antigo
2017-05-01,31,MG,Sudeste,22931,CAGED Antigo
2017-05-01,32,ES,Sudeste,4117,CAGED Antigo
2017-05-01,33,RJ,Sudeste,-5583,CAGED Antigo
2017-05-01,35,SP,Sudeste,17226,CAGED Antigo
2017-05-01,41,PR,Sul,2379,CAGED Antigo
2017-05-01,42,SC,Sul,-614,CAGED Antigo
2017-05-01,43,RS,Sul,-12360,CAGED Antigo
2017-05-01,50,MS,Centro-Oeste,-1336,CAGED Antigo
2017-05-01,51,MT,Centro-Oeste,1726,CAGED Antigo
2017-05-01,52,GO,Centro-Oeste,7444,CAGED Antigo
2017-05-01,53,DF,Centro-Oeste,-1025,CAGED Antigo
2017-07-01,11,RO,Norte,1256,CAGED Antigo
2017-07-01,12,AC,Norte,239,CAGED Antigo
2017-07-01,13,AM,Norte,1888,CAGED Antigo
2017-07-01,14,RR,Norte,15,CAGED Antigo
2017-07-01,15,PA,Norte,1862,CAGED Antigo
2017-07-01,16,AP,Norte,203,CAGED Antigo
2017-07-01,17,TO,Norte,-117,CAGED Antigo
2017-07-01,21,MA,Nordeste,1567,CAGED Antigo
2017-07-01,22,PI,Nordeste,240,CAGED Antigo
2017-07-01,23,CE,Nordeste,1871,CAGED Antigo
2017-07-01,24,RN,Nordeste,963,CAGED Antigo
2017-07-01,25,PB,Nordeste,809,CAGED Antigo
2017-07-01,26,PE,Nordeste,794,CAGED Antigo
2017-07-01,27,AL,Nordeste,-141,CAGED Antigo
2017-07-01,28,SE,Nordeste,-309,CAGED Antigo
2017-07-01,29,BA,Nordeste,847,CAGED Antigo
2017-07-01,31,MG,Sudeste,1120,CAGED Antigo
2017-07-01,32,ES,Sudeste,-1841,CAGED Antigo
2017-07-01,33,RJ,Sudeste,-9320,CAGED Antigo
2017-07-01,35,SP,Sudeste,21805,CAGED Antigo
2017-07-01,41,PR,Sul,959,CAGED Antigo
2017-07-01,42,SC,Sul,128,CAGED Antigo
2017-07-01,43,RS,Sul,-1149,CAGED Antigo
2017-07-01,50,MS,Centro-Oeste,-1827,CAGED Antigo
2017-07-01,51,MT,Centro-Oeste,8085,CAGED Antigo
2017-07-01,52,GO,Centro-Oeste,4745,CAGED Antigo
2017-07-01,53,DF,Centro-Oeste,1208,CAGED Antigo
2017-08-01,11,RO,Norte,811,CAGED Antigo
2017-08-01,12,AC,Norte,141,CAGED Antigo
2017-08-01,13,AM,Norte,1357,CAGED Antigo
2017-08-01,14,RR,Norte,415,CAGED Antigo
2017-08-01,15,PA,Norte,-524,CAGED Antigo
2017-08-01,16,AP,Norte,-40,CAGED Antigo
2017-08-01,17,TO,Norte,1115,CAGED Antigo
2017-08-01,21,MA,Nordeste,1734,CAGED Antigo
2017-08-01,22,PI,Nordeste,75,CAGED Antigo
2017-08-01,23,CE,Nordeste,4975,CAGED Antigo
2017-08-01,24,RN,Nordeste,3241,CAGED Antigo
2017-08-01,25,PB,Nordeste,3511,CAGED Antigo
2017-08-01,26,PE,Nordeste,4206,CAGED Antigo
2017-08-01,27,AL,Nordeste,-424,CAGED Antigo
2017-08-01,28,SE,Nordeste,156,CAGED Antigo
2017-08-01,29,BA,Nordeste,2490,CAGED Antigo
2017-08-01,31,MG,Sudeste,-9445,CAGED Antigo
2017-08-01,32,ES,Sudeste,-2847,CAGED Antigo
2017-08-01,33,RJ,Sudeste,-3400,CAGED Antigo
2017-08-01,35,SP,Sudeste,17320,CAGED Antigo
2017-08-01,41,PR,Sul,1180,CAGED Antigo
2017-08-01,42,SC,Sul,6130,CAGED Antigo
2017-08-01,43,RS,Sul,-1375,CAGED Antigo
2017-08-01,50,MS,Centro-Oeste,-466,CAGED Antigo
2017-08-01,51,MT,Centro-Oeste,1882,CAGED Antigo
2017-08-01,52,GO,Centro-Oeste,1834,CAGED Antigo
2017-08-01,53,DF,Centro-Oeste,1405,CAGED Antigo
2017-09-01,11,RO,Norte,771,CAGED Antigo
2017-09-01,12,AC,Norte,217,CAGED Antigo
2017-09-01,13,AM,Norte,296,CAGED Antigo
2017-09-01,14,RR,Norte,535,CAGED Antigo
2017-09-01,15,PA,Norte,3283,CAGED Antigo
2017-09-01,16,AP,Norte,-222,CAGED Antigo
2017-09-01,17,TO,Norte,469,CAGED Antigo
2017-09-01,21,MA,Nordeste,-9,CAGED Antigo
2017-09-01,22,PI,Nordeste,759,CAGED Antigo
2017-09-01,23,CE,Nordeste,2161,CAGED Antigo
2017-09-01,24,RN,Nordeste,1642,CAGED Antigo
2017-09-01,25,PB,Nordeste,1975,CAGED Antigo
2017-09-01,26,PE,Nordeste,13992,CAGED Antigo
2017-09-01,27,AL,Nordeste,7411,CAGED Antigo
2017-09-01,28,SE,Nordeste,-584,CAGED Antigo
2017-09-01,29,BA,Nordeste,2297,CAGED Antigo
2017-09-01,31,MG,Sudeste,-4291,CAGED Antigo
2017-09-01,32,ES,Sudeste,324,CAGED Antigo
2017-09-01,33,RJ,Sudeste,-4769,CAGED Antigo
2017-09-01,35,SP,Sudeste,-251,CAGED Antigo
2017-09-01,41,PR,Sul,2801,CAGED Antigo
2017-09-01,42,SC,Sul,8011,CAGED Antigo
2017-09-01,43,RS,Sul,-278,CAGED Antigo
2017-09-01,50,MS,Centro-Oeste,-199,CAGED Antigo
2017-09-01,51,MT,Centro-Oeste,1029,CAGED Antigo
2017-09-01,52,GO,Centro-Oeste,-3493,CAGED Antigo
2017-09-01,53,DF,Centro-Oeste,515,CAGED Antigo
2017-10-01,11,RO,Norte,476,CAGED Antigo
2017-10-01,12,AC,Norte,-216,CAGED Antigo
2017-10-01,13,AM,Norte,2605,CAGED Antigo
2017-10-01,14,RR,Norte,48,CAGED Antigo
2017-10-01,15,PA,Norte,667,CAGED Antigo
2017-10-01,16,AP,Norte,-49,CAGED Antigo
2017-10-01,17,TO,Norte,679,CAGED Antigo
2017-10-01,21,MA,Nordeste,932,CAGED Antigo
2017-10-01,22,PI,Nordeste,1614,CAGED Antigo
2017-10-01,23,CE,Nordeste,2918,CAGED Antigo
2017-10-01,24,RN,Nordeste,857,CAGED Antigo
2017-10-01,25,PB,Nordeste,914,CAGED Antigo
2017-10-01,26,PE,Nordeste,8718,CAGED Antigo
2017-10-01,27,AL,Nordeste,16393,CAGED Antigo
2017-10-01,28,SE,Nordeste,5491,CAGED Antigo
2017-10-01,29,BA,Nordeste,-36,CAGED Antigo
2017-10-01,31,MG,Sudeste,4509,CAGED Antigo
2017-10-01,32,ES,Sudeste,1555,CAGED Antigo
2017-10-01,33,RJ,Sudeste,-3861,CAGED Antigo
2017-10-01,35,SP,Sudeste,11349,CAGED Antigo
2017-10-01,41,PR,Sul,4749,CAGED Antigo
2017-10-01,42,SC,Sul,8611,CAGED Antigo
2017-10-01,43,RS,Sul,8084,CAGED Antigo
2017-10-01,50,MS,Centro-Oeste,722,CAGED Antigo
2017-10-01,51,MT,Centro-Oeste,325,CAGED Antigo
2017-10-01,52,GO,Centro-Oeste,-1671,CAGED Antigo
2017-10-01,53,DF,Centro-Oeste,216,CAGED Antigo
2017-11-01,11,RO,Norte,-717,CAGED Antigo
2017-11-01,12,AC,Norte,-343,CAGED Antigo
2017-11-01,13,AM,Norte,395,CAGED Antigo
2017-11-01,14,RR,Norte,143,CAGED Antigo
2017-11-01,15,PA,Norte,729,CAGED Antigo
2017-11-01,16,AP,Norte,-275,CAGED Antigo
2017-11-01,17,TO,Norte,-330,CAGED Antigo
2017-11-01,21,MA,Nordeste,-303,CAGED Antigo
2017-11-01,22,PI,Nordeste,-544,CAGED Antigo
2017-11-01,23,CE,Nordeste,2861,CAGED Antigo
2017-11-01,24,RN,Nordeste,-137,CAGED Antigo
2017-11-01,25,PB,Nordeste,1256,CAGED Antigo
2017-11-01,26,PE,Nordeste,259,CAGED Antigo
2017-11-01,27,AL,Nordeste,1468,CAGED Antigo
2017-11-01,28,SE,Nordeste,44,CAGED Antigo
2017-11-01,29,BA,Nordeste,-1146,CAGED Antigo
2017-11-01,31,MG,Sudeste,-2037,CAGED Antigo
2017-11-01,32,ES,Sudeste,189,CAGED Antigo
2017-11-01,33,RJ,Sudeste,3038,CAGED Antigo
2017-11-01,35,SP,Sudeste,-17611,CAGED Antigo
2017-11-01,41,PR,Sul,1433,CAGED Antigo
2017-11-01,42,SC,Sul,4995,CAGED Antigo
2017-11-01,43,RS,Sul,8753,CAGED Antigo
2017-11-01,50,MS,Centro-Oeste,-2444,CAGED Antigo
2017-11-01,51,MT,Centro-Oeste,-5804,CAGED Antigo
2017-11-01,52,GO,Centro-Oeste,-6163,CAGED Antigo
2017-11-01,53,DF,Centro-Oeste,-1,CAGED Antigo
2018-01-01,11,RO,Norte,-415,CAGED Antigo
2018-01-01,12,AC,Norte,-369,CAGED Antigo
2018-01-01,13,AM,Norte,-772,CAGED Antigo
2018-01-01,14,RR,Norte,92,CAGED Antigo
2018-01-01,15,PA,Norte,-4081,CAGED Antigo
2018-01-01,16,AP,Norte,345,CAGED Antigo
2018-01-01,17,TO,Norte,-42,CAGED Antigo
2018-01-01,21,MA,Nordeste,-586,CAGED Antigo
2018-01-01,22,PI,Nordeste,-941,CAGED Antigo
2018-01-01,23,CE,Nordeste,1653,CAGED Antigo
2018-01-01,24,RN,Nordeste,-639,CAGED Antigo
2018-01-01,25,PB,Nordeste,-3255,CAGED Antigo
2018-01-01,26,PE,Nordeste,-4837,CAGED Antigo
2018-01-01,27,AL,Nordeste,-2189,CAGED Antigo
2018-01-01,28,SE,Nordeste,-788,CAGED Antigo
2018-01-01,29,BA,Nordeste,5547,CAGED Antigo
2018-01-01,31,MG,Sudeste,8336,CAGED Antigo
2018-01-01,32,ES,Sudeste,3140,CAGED Antigo
2018-01-01,33,RJ,Sudeste,-9830,CAGED Antigo
2018-01-01,35,SP,Sudeste,20278,CAGED Antigo
2018-01-01,41,PR,Sul,11637,CAGED Antigo
2018-01-01,42,SC,Sul,17348,CAGED Antigo
2018-01-01,43,RS,Sul,17769,CAGED Antigo
2018-01-01,50,MS,Centro-Oeste,1589,CAGED Antigo
2018-01-01,51,MT,Centro-Oeste,10269,CAGED Antigo
2018-01-01,52,GO,Centro-Oeste,5732,CAGED Antigo
2018-01-01,53,DF,Centro-Oeste,2831,CAGED Antigo
2018-02-01,11,RO,Norte,583,CAGED Antigo
2018-02-01,12,AC,Norte,-428,CAGED Antigo
2018-02-01,13,AM,Norte,55,CAGED Antigo
2018-02-01,14,RR,Norte,-49,CAGED Antigo
2018-02-01,15,PA,Norte,273,CAGED Antigo
2018-02-01,16,AP,Norte,101,CAGED Antigo
2018-02-01,17,TO,Norte,103,CAGED Antigo
2018-02-01,21,MA,Nordeste,-372,CAGED Antigo
2018-02-01,22,PI,Nordeste,168,CAGED Antigo
2018-02-01,23,CE,Nordeste,-375,CAGED Antigo
2018-02-01,24,RN,Nordeste,-3570,CAGED Antigo
2018-02-01,25,PB,Nordeste,-2758,CAGED Antigo
2018-02-01,26,PE,Nordeste,-7381,CAGED Antigo
2018-02-01,27,AL,Nordeste,-10698,CAGED Antigo
2018-02-01,28,SE,Nordeste,-931,CAGED Antigo
2018-02-01,29,BA,Nordeste,-36,CAGED Antigo
2018-02-01,31,MG,Sudeste,7288,CAGED Antigo
2018-02-01,32,ES,Sudeste,447,CAGED Antigo
2018-02-01,33,RJ,Sudeste,-2750,CAGED Antigo
2018-02-01,35,SP,Sudeste,30040,CAGED Antigo
2018-02-01,41,PR,Sul,7703,CAGED Antigo
2018-02-01,42,SC,Sul,16344,CAGED Antigo
2018-02-01,43,RS,Sul,13024,CAGED Antigo
2018-02-01,50,MS,Centro-Oeste,3280,CAGED Antigo
2018-02-01,51,MT,Centro-Oeste,4721,CAGED Antigo
2018-02-01,52,GO,Centro-Oeste,5137,CAGED Antigo
2018-02-01,53,DF,Centro-Oeste,1269,CAGED Antigo
2018-03-01,11,RO,Norte,211,CAGED Antigo
2018-03-01,12,AC,Norte,-157,CAGED Antigo
2018-03-01,13,AM,Norte,548,CAGED Antigo
2018-03-01,14,RR,Norte,-2,CAGED Antigo
2018-03-01,15,PA,Norte,-787,CAGED Antigo
2018-03-01,16,AP,Norte,-182,CAGED Antigo
2018-03-01,17,TO,Norte,138,CAGED Antigo
2018-03-01,21,MA,Nordeste,1017,CAGED Antigo
2018-03-01,22,PI,Nordeste,955,CAGED Antigo
2018-03-01,23,CE,Nordeste,238,CAGED Antigo
2018-03-01,24,RN,Nordeste,-437,CAGED Antigo
2018-03-01,25,PB,Nordeste,-367,CAGED Antigo
2018-03-01,26,PE,Nordeste,-9689,CAGED Antigo
2018-03-01,27,AL,Nordeste,-6999,CAGED Antigo
2018-03-01,28,SE,Nordeste,-2477,CAGED Antigo
2018-03-01,29,BA,Nordeste,4151,CAGED Antigo
2018-03-01,31,MG,Sudeste,14149,CAGED Antigo
2018-03-01,32,ES,Sudeste,1780,CAGED Antigo
2018-03-01,33,RJ,Sudeste,247,CAGED Antigo
2018-03-01,35,SP,Sudeste,30459,CAGED Antigo
2018-03-01,41,PR,Sul,6514,CAGED Antigo
2018-03-01,42,SC,Sul,1910,CAGED Antigo
2018-03-01,43,RS,Sul,12667,CAGED Antigo
2018-03-01,50,MS,Centro-Oeste,-646,CAGED Antigo
2018-03-01,51,MT,Centro-Oeste,-3018,CAGED Antigo
2018-03-01,52,GO,Centro-Oeste,5312,CAGED Antigo
2018-03-01,53,DF,Centro-Oeste,616,CAGED Antigo
2018-04-01,11,RO,Norte,605,CAGED Antigo
2018-04-01,12,AC,Norte,230,CAGED Antigo
2018-04-01,13,AM,Norte,-233,CAGED Antigo
2018-04-01,14,RR,Norte,109,CAGED Antigo
2018-04-01,15,PA,Norte,2773,CAGED Antigo
2018-04-01,16,AP,Norte,410,CAGED Antigo
2018-04-01,17,TO,Norte,416,CAGED Antigo
2018-04-01,21,MA,Nordeste,1332,CAGED Antigo
2018-04-01,22,PI,Nordeste,579,CAGED Antigo
2018-04-01,23,CE,Nordeste,3098,CAGED Antigo
2018-04-01,24,RN,Nordeste,-123,CAGED Antigo
2018-04-01,25,PB,Nordeste,154,CAGED Antigo
2018-04-01,26,PE,Nordeste,-270,CAGED Antigo
2018-04-01,27,AL,Nordeste,-2565,CAGED Antigo
2018-04-01,28,SE,Nordeste,266,CAGED Antigo
2018-04-01,29,BA,Nordeste,1976,CAGED Antigo
2018-04-01,31,MG,Sudeste,23563,CAGED Antigo
2018-04-01,32,ES,Sudeste,2765,CAGED Antigo
2018-04-01,33,RJ,Sudeste,7320,CAGED Antigo
2018-04-01,35,SP,Sudeste,44426,CAGED Antigo
2018-04-01,41,PR,Sul,9228,CAGED Antigo
2018-04-01,42,SC,Sul,5322,CAGED Antigo
2018-04-01,43,RS,Sul,-1252,CAGED Antigo
2018-04-01,50,MS,Centro-Oeste,1588,CAGED Antigo
2018-04-01,51,MT,Centro-Oeste,1470,CAGED Antigo
2018-04-01,52,GO,Centro-Oeste,8791,CAGED Antigo
2018-04-01,53,DF,Centro-Oeste,3920,CAGED Antigo
2018-05-01,11,RO,Norte,409,CAGED Antigo
2018-05-01,12,AC,Norte,-191,CAGED Antigo
2018-05-01,13,AM,Norte,-1211,CAGED Antigo
2018-05-01,14,RR,Norte,-358,CAGED Antigo
2018-05-01,15,PA,Norte,2009,CAGED Antigo
2018-05-01,16,AP,Norte,-111,CAGED Antigo
2018-05-01,17,TO,Norte,1013,CAGED Antigo
2018-05-01,21,MA,Nordeste,2075,CAGED Antigo
2018-05-01,22,PI,Nordeste,786,CAGED Antigo
2018-05-01,23,CE,Nordeste,2039,CAGED Antigo
2018-05-01,24,RN,Nordeste,-299,CAGED Antigo
2018-05-01,25,PB,Nordeste,-703,CAGED Antigo
2018-05-01,26,PE,Nordeste,621,CAGED Antigo
2018-05-01,27,AL,Nordeste,415,CAGED Antigo
2018-05-01,28,SE,Nordeste,-159,CAGED Antigo
2018-05-01,29,BA,Nordeste,5935,CAGED Antigo
2018-05-01,31,MG,Sudeste,19823,CAGED Antigo
2018-05-01,32,ES,Sudeste,5001,CAGED Antigo
2018-05-01,33,RJ,Sudeste,-3139,CAGED Antigo
2018-05-01,35,SP,Sudeste,9155,CAGED Antigo
2018-05-01,41,PR,Sul,1798,CAGED Antigo
2018-05-01,42,SC,Sul,-4484,CAGED Antigo
2018-05-01,43,RS,Sul,-10727,CAGED Antigo
2018-05-01,50,MS,Centro-Oeste,-287,CAGED Antigo
2018-05-01,51,MT,Centro-Oeste,2064,CAGED Antigo
2018-05-01,52,GO,Centro-Oeste,1111,CAGED Antigo
2018-05-01,53,DF,Centro-Oeste,1074,CAGED Antigo
2018-06-01,11,RO,Norte,-354,CAGED Antigo
2018-06-01,12,AC,Norte,189,CAGED Antigo
2018-06-01,13,AM,Norte,629,CAGED Antigo
2018-06-01,14,RR,Norte,-270,CAGED Antigo
2018-06-01,15,PA,Norte,824,CAGED Antigo
2018-06-01,16,AP,Norte,-536,CAGED Antigo
2018-06-01,17,TO,Norte,448,CAGED Antigo
2018-06-01,21,MA,Nordeste,2807,CAGED Antigo
2018-06-01,22,PI,Nordeste,482,CAGED Antigo
2018-06-01,23,CE,Nordeste,725,CAGED Antigo
2018-06-01,24,RN,Nordeste,805,CAGED Antigo
2018-06-01,25,PB,Nordeste,401,CAGED Antigo
2018-06-01,26,PE,Nordeste,121,CAGED Antigo
2018-06-01,27,AL,Nordeste,-134,CAGED Antigo
2018-06-01,28,SE,Nordeste,137,CAGED Antigo
2018-06-01,29,BA,Nordeste,-1763,CAGED Antigo
2018-06-01,31,MG,Sudeste,12143,CAGED Antigo
2018-06-01,32,ES,Sudeste,-1562,CAGED Antigo
2018-06-01,33,RJ,Sudeste,-2519,CAGED Antigo
2018-06-01,35,SP,Sudeste,-4450,CAGED Antigo
2018-06-01,41,PR,Sul,-6609,CAGED Antigo
2018-06-01,42,SC,Sul,-4020,CAGED Antigo
2018-06-01,43,RS,Sul,-6521,CAGED Antigo
2018-06-01,50,MS,Centro-Oeste,297,CAGED Antigo
2018-06-01,51,MT,Centro-Oeste,5412,CAGED Antigo
2018-06-01,52,GO,Centro-Oeste,2173,CAGED Antigo
2018-06-01,53,DF,Centro-Oeste,484,CAGED Antigo
2018-07-01,11,RO,Norte,808,CAGED Antigo
2018-07-01,12,AC,Norte,371,CAGED Antigo
2018-07-01,13,AM,Norte,1283,CAGED Antigo
2018-07-01,14,RR,Norte,-115,CAGED Antigo
2018-07-01,15,PA,Norte,3509,CAGED Antigo
2018-07-01,16,AP,Norte,542,CAGED Antigo
2018-07-01,17,TO,Norte,237,CAGED Antigo
2018-07-01,21,MA,Nordeste,1853,CAGED Antigo
2018-07-01,22,PI,Nordeste,200,CAGED Antigo
2018-07-01,23,CE,Nordeste,794,CAGED Antigo
2018-07-01,24,RN,Nordeste,570,CAGED Antigo
2018-07-01,25,PB,Nordeste,1353,CAGED Antigo
2018-07-01,26,PE,Nordeste,-111,CAGED Antigo
2018-07-01,27,AL,Nordeste,1134,CAGED Antigo
2018-07-01,28,SE,Nordeste,-302,CAGED Antigo
2018-07-01,29,BA,Nordeste,1672,CAGED Antigo
2018-07-01,31,MG,Sudeste,10332,CAGED Antigo
2018-07-01,32,ES,Sudeste,-641,CAGED Antigo
2018-07-01,33,RJ,Sudeste,-1001,CAGED Antigo
2018-07-01,35,SP,Sudeste,15333,CAGED Antigo
2018-07-01,41,PR,Sul,2485,CAGED Antigo
2018-07-01,42,SC,Sul,-241,CAGED Antigo
2018-07-01,43,RS,Sul,-2657,CAGED Antigo
2018-07-01,50,MS,Centro-Oeste,788,CAGED Antigo
2018-07-01,51,MT,Centro-Oeste,5186,CAGED Antigo
2018-07-01,52,GO,Centro-Oeste,4118,CAGED Antigo
2018-07-01,53,DF,Centro-Oeste,-181,CAGED Antigo
2018-08-01,11,RO,Norte,312,CAGED Antigo
2018-08-01,12,AC,Norte,-172,CAGED Antigo
2018-08-01,13,AM,Norte,1792,CAGED Antigo
2018-08-01,14,RR,Norte,135,CAGED Antigo
2018-08-01,15,PA,Norte,6237,CAGED Antigo
2018-08-01,16,AP,Norte,549,CAGED Antigo
2018-08-01,17,TO,Norte,455,CAGED Antigo
2018-08-01,21,MA,Nordeste,-66,CAGED Antigo
2018-08-01,22,PI,Nordeste,411,CAGED Antigo
2018-08-01,23,CE,Nordeste,4661,CAGED Antigo
2018-08-01,24,RN,Nordeste,4486,CAGED Antigo
2018-08-01,25,PB,Nordeste,7244,CAGED Antigo
2018-08-01,26,PE,Nordeste,11563,CAGED Antigo
2018-08-01,27,AL,Nordeste,3890,CAGED Antigo
2018-08-01,28,SE,Nordeste,-593,CAGED Antigo
2018-08-01,29,BA,Nordeste,4864,CAGED Antigo
2018-08-01,31,MG,Sudeste,4530,CAGED Antigo
2018-08-01,32,ES,Sudeste,-388,CAGED Antigo
2018-08-01,33,RJ,Sudeste,2917,CAGED Antigo
2018-08-01,35,SP,Sudeste,34244,CAGED Antigo
2018-08-01,41,PR,Sul,10339,CAGED Antigo
2018-08-01,42,SC,Sul,3932,CAGED Antigo
2018-08-01,43,RS,Sul,-4028,CAGED Antigo
2018-08-01,50,MS,Centro-Oeste,1206,CAGED Antigo
2018-08-01,51,MT,Centro-Oeste,4398,CAGED Antigo
2018-08-01,52,GO,Centro-Oeste,4721,CAGED Antigo
2018-08-01,53,DF,Centro-Oeste,2792,CAGED Antigo
2018-09-01,11,RO,Norte,777,CAGED Antigo
2018-09-01,12,AC,Norte,285,CAGED Antigo
2018-09-01,13,AM,Norte,1814,CAGED Antigo
2018-09-01,14,RR,Norte,625,CAGED Antigo
2018-09-01,15,PA,Norte,5520,CAGED Antigo
2018-09-01,16,AP,Norte,534,CAGED Antigo
2018-09-01,17,TO,Norte,707,CAGED Antigo
2018-09-01,21,MA,Nordeste,1729,CAGED Antigo
2018-09-01,22,PI,Nordeste,1219,CAGED Antigo
2018-09-01,23,CE,Nordeste,6355,CAGED Antigo
2018-09-01,24,RN,Nordeste,1726,CAGED Antigo
2018-09-01,25,PB,Nordeste,2083,CAGED Antigo
2018-09-01,26,PE,Nordeste,21414,CAGED Antigo
2018-09-01,27,AL,Nordeste,15179,CAGED Antigo
2018-09-01,28,SE,Nordeste,3963,CAGED Antigo
2018-09-01,29,BA,Nordeste,8509,CAGED Antigo
2018-09-01,31,MG,Sudeste,5200,CAGED Antigo
2018-09-01,32,ES,Sudeste,3341,CAGED Antigo
2018-09-01,33,RJ,Sudeste,7944,CAGED Antigo
2018-09-01,35,SP,Sudeste,22448,CAGED Antigo
2018-09-01,41,PR,Sul,9487,CAGED Antigo
2018-09-01,42,SC,Sul,7217,CAGED Antigo
2018-09-01,43,RS,Sul,1359,CAGED Antigo
2018-09-01,50,MS,Centro-Oeste,-2645,CAGED Antigo
2018-09-01,51,MT,Centro-Oeste,3986,CAGED Antigo
2018-09-01,52,GO,Centro-Oeste,3265,CAGED Antigo
2018-09-01,53,DF,Centro-Oeste,3295,CAGED Antigo
2018-10-01,11,RO,Norte,-374,CAGED Antigo
2018-10-01,12,AC,Norte,207,CAGED Antigo
2018-10-01,13,AM,Norte,1184,CAGED Antigo
2018-10-01,14,RR,Norte,145,CAGED Antigo
2018-10-01,15,PA,Norte,507,CAGED Antigo
2018-10-01,16,AP,Norte,179,CAGED Antigo
2018-10-01,17,TO,Norte,531,CAGED Antigo
2018-10-01,21,MA,Nordeste,664,CAGED Antigo
2018-10-01,22,PI,Nordeste,250,CAGED Antigo
2018-10-01,23,CE,Nordeste,3669,CAGED Antigo
2018-10-01,24,RN,Nordeste,2491,CAGED Antigo
2018-10-01,25,PB,Nordeste,1239,CAGED Antigo
2018-10-01,26,PE,Nordeste,-1330,CAGED Antigo
2018-10-01,27,AL,Nordeste,3378,CAGED Antigo
2018-10-01,28,SE,Nordeste,2440,CAGED Antigo
2018-10-01,29,BA,Nordeste,625,CAGED Antigo
2018-10-01,31,MG,Sudeste,2835,CAGED Antigo
2018-10-01,32,ES,Sudeste,912,CAGED Antigo
2018-10-01,33,RJ,Sudeste,-847,CAGED Antigo
2018-10-01,35,SP,Sudeste,13088,CAGED Antigo
2018-10-01,41,PR,Sul,6937,CAGED Antigo
2018-10-01,42,SC,Sul,9743,CAGED Antigo
2018-10-01,43,RS,Sul,9319,CAGED Antigo
2018-10-01,50,MS,Centro-Oeste,1122,CAGED Antigo
2018-10-01,51,MT,Centro-Oeste,1895,CAGED Antigo
2018-10-01,52,GO,Centro-Oeste,-3565,CAGED Antigo
2018-10-01,53,DF,Centro-Oeste,489,CAGED Antigo
2018-11-01,11,RO,Norte,-640,CAGED Antigo
2018-11-01,12,AC,Norte,-304,CAGED Antigo
2018-11-01,13,AM,Norte,288,CAGED Antigo
2018-11-01,14,RR,Norte,224,CAGED Antigo
2018-11-01,15,PA,Norte,557,CAGED Antigo
2018-11-01,16,AP,Norte,78,CAGED Antigo
2018-11-01,17,TO,Norte,-1135,CAGED Antigo
2018-11-01,21,MA,Nordeste,-280,CAGED Antigo
2018-11-01,22,PI,Nordeste,-286,CAGED Antigo
2018-11-01,23,CE,Nordeste,2249,CAGED Antigo
2018-11-01,24,RN,Nordeste,1686,CAGED Antigo
2018-11-01,25,PB,Nordeste,1014,CAGED Antigo
2018-11-01,26,PE,Nordeste,1813,CAGED Antigo
2018-11-01,27,AL,Nordeste,211,CAGED Antigo
2018-11-01,28,SE,Nordeste,-70,CAGED Antigo
2018-11-01,29,BA,Nordeste,964,CAGED Antigo
2018-11-01,31,MG,Sudeste,367,CAGED Antigo
2018-11-01,32,ES,Sudeste,3248,CAGED Antigo
2018-11-01,33,RJ,Sudeste,13700,CAGED Antigo
2018-11-01,35,SP,Sudeste,17754,CAGED Antigo
2018-11-01,41,PR,Sul,5450,CAGED Antigo
2018-11-01,42,SC,Sul,9192,CAGED Antigo
2018-11-01,43,RS,Sul,10121,CAGED Antigo
2018-11-01,50,MS,Centro-Oeste,720,CAGED Antigo
2018-11-01,51,MT,Centro-Oeste,-3427,CAGED Antigo
2018-11-01,52,GO,Centro-Oeste,-6160,CAGED Antigo
2018-11-01,53,DF,Centro-Oeste,1330,CAGED Antigo
2018-12-01,11,RO,Norte,-557,CAGED Antigo
2018-12-01,12,AC,Norte,-711,CAGED Antigo
2018-12-01,13,AM,Norte,-1602,CAGED Antigo
2018-12-01,14,RR,Norte,-327,CAGED Antigo
2018-12-01,15,PA,Norte,-6850,CAGED Antigo
2018-12-01,16,AP,Norte,-564,CAGED Antigo
2018-12-01,17,TO,Norte,-1672,CAGED Antigo
2018-12-01,21,MA,Nordeste,-2918,CAGED Antigo
2018-12-01,22,PI,Nordeste,-823,CAGED Antigo
2018-12-01,23,CE,Nordeste,-5481,CAGED Antigo
2018-12-01,24,RN,Nordeste,-2268,CAGED Antigo
2018-12-01,25,PB,Nordeste,-2616,CAGED Antigo
2018-12-01,26,PE,Nordeste,-14954,CAGED Antigo
2018-12-01,27,AL,Nordeste,-1540,CAGED Antigo
2018-12-01,28,SE,Nordeste,-1679,CAGED Antigo
2018-12-01,29,BA,Nordeste,-11705,CAGED Antigo
2018-12-01,31,MG,Sudeste,-38761,CAGED Antigo
2018-12-01,32,ES,Sudeste,-4035,CAGED Antigo
2018-12-01,33,RJ,Sudeste,-14141,CAGED Antigo
2018-12-01,35,SP,Sudeste,-110263,CAGED Antigo
2018-12-01,41,PR,Sul,-26838,CAGED Antigo
2018-12-01,42,SC,Sul,-22616,CAGED Antigo
2018-12-01,43,RS,Sul,-22266,CAGED Antigo
2018-12-01,50,MS,Centro-Oeste,-12088,CAGED Antigo
2018-12-01,51,MT,Centro-Oeste,-9354,CAGED Antigo
2018-12-01,52,GO,Centro-Oeste,-13342,CAGED Antigo
2018-12-01,53,DF,Centro-Oeste,-4491,CAGED Antigo
2019-02-01,11,RO,Norte,542,CAGED Antigo
2019-02-01,12,AC,Norte,41,CAGED Antigo
2019-02-01,13,AM,Norte,1425,CAGED Antigo
2019-02-01,14,RR,Norte,-246,CAGED Antigo
2019-02-01,15,PA,Norte,637,CAGED Antigo
2019-02-01,16,AP,Norte,79,CAGED Antigo
2019-02-01,17,TO,Norte,1116,CAGED Antigo
2019-02-01,21,MA,Nordeste,-982,CAGED Antigo
2019-02-01,22,PI,Nordeste,-400,CAGED Antigo
2019-02-01,23,CE,Nordeste,1865,CAGED Antigo
2019-02-01,24,RN,Nordeste,-2249,CAGED Antigo
2019-02-01,25,PB,Nordeste,432,CAGED Antigo
2019-02-01,26,PE,Nordeste,-12396,CAGED Antigo
2019-02-01,27,AL,Nordeste,-2255,CAGED Antigo
2019-02-01,28,SE,Nordeste,-2162,CAGED Antigo
2019-02-01,29,BA,Nordeste,5706,CAGED Antigo
2019-02-01,31,MG,Sudeste,26016,CAGED Antigo
2019-02-01,32,ES,Sudeste,3541,CAGED Antigo
2019-02-01,33,RJ,Sudeste,9753,CAGED Antigo
2019-02-01,35,SP,Sudeste,62339,CAGED Antigo
2019-02-01,41,PR,Sul,18254,CAGED Antigo
2019-02-01,42,SC,Sul,25304,CAGED Antigo
2019-02-01,43,RS,Sul,22463,CAGED Antigo
2019-02-01,50,MS,Centro-Oeste,3511,CAGED Antigo
2019-02-01,51,MT,Centro-Oeste,1579,CAGED Antigo
2019-02-01,52,GO,Centro-Oeste,5997,CAGED Antigo
2019-02-01,53,DF,Centro-Oeste,3229,CAGED Antigo
2019-04-01,11,RO,Norte,574,CAGED Antigo
2019-04-01,12,AC,Norte,377,CAGED Antigo
2019-04-01,13,AM,Norte,1643,CAGED Antigo
2019-04-01,14,RR,Norte,152,CAGED Antigo
2019-04-01,15,PA,Norte,-25,CAGED Antigo
2019-04-01,16,AP,Norte,227,CAGED Antigo
2019-04-01,17,TO,Norte,144,CAGED Antigo
2019-04-01,21,MA,Nordeste,6681,CAGED Antigo
2019-04-01,22,PI,Nordeste,7,CAGED Antigo
2019-04-01,23,CE,Nordeste,2153,CAGED Antigo
2019-04-01,24,RN,Nordeste,-501,CAGED Antigo
2019-04-01,25,PB,Nordeste,778,CAGED Antigo
2019-04-01,26,PE,Nordeste,425,CAGED Antigo
2019-04-01,27,AL,Nordeste,-4692,CAGED Antigo
2019-04-01,28,SE,Nordeste,649,CAGED Antigo
2019-04-01,29,BA,Nordeste,10093,CAGED Antigo
2019-04-01,31,MG,Sudeste,22348,CAGED Antigo
2019-04-01,32,ES,Sudeste,2881,CAGED Antigo
2019-04-01,33,RJ,Sudeste,5709,CAGED Antigo
2019-04-01,35,SP,Sudeste,50168,CAGED Antigo
2019-04-01,41,PR,Sul,10653,CAGED Antigo
2019-04-01,42,SC,Sul,6415,CAGED Antigo
2019-04-01,43,RS,Sul,-2498,CAGED Antigo
2019-04-01,50,MS,Centro-Oeste,2661,CAGED Antigo
2019-04-01,51,MT,Centro-Oeste,2106,CAGED Antigo
2019-04-01,52,GO,Centro-Oeste,6496,CAGED Antigo
2019-04-01,53,DF,Centro-Oeste,3977,CAGED Antigo
2019-05-01,11,RO,Norte,243,CAGED Antigo
2019-05-01,12,AC,Norte,371,CAGED Antigo
2019-05-01,13,AM,Norte,1062,CAGED Antigo
2019-05-01,14,RR,Norte,124,CAGED Antigo
2019-05-01,15,PA,Norte,2549,CAGED Antigo
2019-05-01,16,AP,Norte,-283,CAGED Antigo
2019-05-01,17,TO,Norte,44,CAGED Antigo
2019-05-01,21,MA,Nordeste,-106,CAGED Antigo
2019-05-01,22,PI,Nordeste,1040,CAGED Antigo
2019-05-01,23,CE,Nordeste,-1428,CAGED Antigo
2019-05-01,24,RN,Nordeste,-496,CAGED Antigo
2019-05-01,25,PB,Nordeste,683,CAGED Antigo
2019-05-01,26,PE,Nordeste,1701,CAGED Antigo
2019-05-01,27,AL,Nordeste,-746,CAGED Antigo
2019-05-01,28,SE,Nordeste,131,CAGED Antigo
2019-05-01,29,BA,Nordeste,2540,CAGED Antigo
2019-05-01,31,MG,Sudeste,18380,CAGED Antigo
2019-05-01,32,ES,Sudeste,9384,CAGED Antigo
2019-05-01,33,RJ,Sudeste,-4289,CAGED Antigo
2019-05-01,35,SP,Sudeste,6023,CAGED Antigo
2019-05-01,41,PR,Sul,1431,CAGED Antigo
2019-05-01,42,SC,Sul,-1159,CAGED Antigo
2019-05-01,43,RS,Sul,-11207,CAGED Antigo
2019-05-01,50,MS,Centro-Oeste,1097,CAGED Antigo
2019-05-01,51,MT,Centro-Oeste,1755,CAGED Antigo
2019-05-01,52,GO,Centro-Oeste,2796,CAGED Antigo
2019-05-01,53,DF,Centro-Oeste,500,CAGED Antigo
2019-06-01,11,RO,Norte,953,CAGED Antigo
2019-06-01,12,AC,Norte,247,CAGED Antigo
2019-06-01,13,AM,Norte,1683,CAGED Antigo
2019-06-01,14,RR,Norte,194,CAGED Antigo
2019-06-01,15,PA,Norte,1137,CAGED Antigo
2019-06-01,16,AP,Norte,-165,CAGED Antigo
2019-06-01,17,TO,Norte,-47,CAGED Antigo
2019-06-01,21,MA,Nordeste,2001,CAGED Antigo
2019-06-01,22,PI,Nordeste,1308,CAGED Antigo
2019-06-01,23,CE,Nordeste,-122,CAGED Antigo
2019-06-01,24,RN,Nordeste,1237,CAGED Antigo
2019-06-01,25,PB,Nordeste,-795,CAGED Antigo
2019-06-01,26,PE,Nordeste,-253,CAGED Antigo
2019-06-01,27,AL,Nordeste,-861,CAGED Antigo
2019-06-01,28,SE,Nordeste,265,CAGED Antigo
2019-06-01,29,BA,Nordeste,2362,CAGED Antigo
2019-06-01,31,MG,Sudeste,11603,CAGED Antigo
2019-06-01,32,ES,Sudeste,-1152,CAGED Antigo
2019-06-01,33,RJ,Sudeste,2341,CAGED Antigo
2019-06-01,35,SP,Sudeste,18262,CAGED Antigo
2019-06-01,41,PR,Sul,158,CAGED Antigo
2019-06-01,42,SC,Sul,940,CAGED Antigo
2019-06-01,43,RS,Sul,-3812,CAGED Antigo
2019-06-01,50,MS,Centro-Oeste,898,CAGED Antigo
2019-06-01,51,MT,Centro-Oeste,7367,CAGED Antigo
2019-06-01,52,GO,Centro-Oeste,2077,CAGED Antigo
2019-06-01,53,DF,Centro-Oeste,610,CAGED Antigo
2019-07-01,11,RO,Norte,1505,CAGED Antigo
2019-07-01,12,AC,Norte,201,CAGED Antigo
2019-07-01,13,AM,Norte,2128,CAGED Antigo
2019-07-01,14,RR,Norte,253,CAGED Antigo
2019-07-01,15,PA,Norte,2998,CAGED Antigo
2019-07-01,16,AP,Norte,22,CAGED Antigo
2019-07-01,17,TO,Norte,-16,CAGED Antigo
2019-07-01,21,MA,Nordeste,25,CAGED Antigo
2019-07-01,22,PI,Nordeste,353,CAGED Antigo
2019-07-01,23,CE,Nordeste,890,CAGED Antigo
2019-07-01,24,RN,Nordeste,788,CAGED Antigo
2019-07-01,25,PB,Nordeste,1870,CAGED Antigo
2019-07-01,26,PE,Nordeste,-96,CAGED Antigo
2019-07-01,27,AL,Nordeste,1470,CAGED Antigo
2019-07-01,28,SE,Nordeste,-443,CAGED Antigo
2019-07-01,29,BA,Nordeste,-2275,CAGED Antigo
2019-07-01,31,MG,Sudeste,10609,CAGED Antigo
2019-07-01,32,ES,Sudeste,-4117,CAGED Antigo
2019-07-01,33,RJ,Sudeste,-2845,CAGED Antigo
2019-07-01,35,SP,Sudeste,20204,CAGED Antigo
2019-07-01,41,PR,Sul,571,CAGED Antigo
2019-07-01,42,SC,Sul,3433,CAGED Antigo
2019-07-01,43,RS,Sul,-3648,CAGED Antigo
2019-07-01,50,MS,Centro-Oeste,1206,CAGED Antigo
2019-07-01,51,MT,Centro-Oeste,4169,CAGED Antigo
2019-07-01,52,GO,Centro-Oeste,2644,CAGED Antigo
2019-07-01,53,DF,Centro-Oeste,1921,CAGED Antigo
2019-10-01,11,RO,Norte,139,CAGED Antigo
2019-10-01,12,AC,Norte,-367,CAGED Antigo
2019-10-01,13,AM,Norte,651,CAGED Antigo
2019-10-01,14,RR,Norte,242,CAGED Antigo
2019-10-01,15,PA,Norte,2721,CAGED Antigo
2019-10-01,16,AP,Norte,420,CAGED Antigo
2019-10-01,17,TO,Norte,509,CAGED Antigo
2019-10-01,21,MA,Nordeste,3220,CAGED Antigo
2019-10-01,22,PI,Nordeste,724,CAGED Antigo
2019-10-01,23,CE,Nordeste,3496,CAGED Antigo
2019-10-01,24,RN,Nordeste,2980,CAGED Antigo
2019-10-01,25,PB,Nordeste,1864,CAGED Antigo
2019-10-01,26,PE,Nordeste,5107,CAGED Antigo
2019-10-01,27,AL,Nordeste,2290,CAGED Antigo
2019-10-01,28,SE,Nordeste,2684,CAGED Antigo
2019-10-01,29,BA,Nordeste,-589,CAGED Antigo
2019-10-01,31,MG,Sudeste,12282,CAGED Antigo
2019-10-01,32,ES,Sudeste,1913,CAGED Antigo
2019-10-01,33,RJ,Sudeste,-9942,CAGED Antigo
2019-10-01,35,SP,Sudeste,11727,CAGED Antigo
2019-10-01,41,PR,Sul,7406,CAGED Antigo
2019-10-01,42,SC,Sul,11579,CAGED Antigo
2019-10-01,43,RS,Sul,8319,CAGED Antigo
2019-10-01,50,MS,Centro-Oeste,691,CAGED Antigo
2019-10-01,51,MT,Centro-Oeste,1639,CAGED Antigo
2019-10-01,52,GO,Centro-Oeste,512,CAGED Antigo
2019-10-01,53,DF,Centro-Oeste,-1365,CAGED Antigo
2019-11-01,11,RO,Norte,-354,CAGED Antigo
2019-11-01,12,AC,Norte,-613,CAGED Antigo
2019-11-01,13,AM,Norte,1589,CAGED Antigo
2019-11-01,14,RR,Norte,628,CAGED Antigo
2019-11-01,15,PA,Norte,3123,CAGED Antigo
2019-11-01,16,AP,Norte,233,CAGED Antigo
2019-11-01,17,TO,Norte,-115,CAGED Antigo
2019-11-01,21,MA,Nordeste,1163,CAGED Antigo
2019-11-01,22,PI,Nordeste,200,CAGED Antigo
2019-11-01,23,CE,Nordeste,4860,CAGED Antigo
2019-11-01,24,RN,Nordeste,1690,CAGED Antigo
2019-11-01,25,PB,Nordeste,1943,CAGED Antigo
2019-11-01,26,PE,Nordeste,3194,CAGED Antigo
2019-11-01,27,AL,Nordeste,1327,CAGED Antigo
2019-11-01,28,SE,Nordeste,1489,CAGED Antigo
2019-11-01,29,BA,Nordeste,3958,CAGED Antigo
2019-11-01,31,MG,Sudeste,8382,CAGED Antigo
2019-11-01,32,ES,Sudeste,2616,CAGED Antigo
2019-11-01,33,RJ,Sudeste,16922,CAGED Antigo
2019-11-01,35,SP,Sudeste,23140,CAGED Antigo
2019-11-01,41,PR,Sul,6712,CAGED Antigo
2019-11-01,42,SC,Sul,10026,CAGED Antigo
2019-11-01,43,RS,Sul,12257,CAGED Antigo
2019-11-01,50,MS,Centro-Oeste,-830,CAGED Antigo
2019-11-01,51,MT,Centro-Oeste,-2437,CAGED Antigo
2019-11-01,52,GO,Centro-Oeste,-4587,CAGED Antigo
2019-11-01,53,DF,Centro-Oeste,2716,CAGED Antigo
2019-12-01,11,RO,Norte,-1066,CAGED Antigo
2019-12-01,12,AC,Norte,-559,CAGED Antigo
2019-12-01,13,AM,Norte,-3957,CAGED Antigo
2019-12-01,14,RR,Norte,-171,CAGED Antigo
2019-12-01,15,PA,Norte,-6316,CAGED Antigo
2019-12-01,16,AP,Norte,-391,CAGED Antigo
2019-12-01,17,TO,Norte,-1730,CAGED Antigo
2019-12-01,21,MA,Nordeste,-3421,CAGED Antigo
2019-12-01,22,PI,Nordeste,-2957,CAGED Antigo
2019-12-01,23,CE,Nordeste,-3396,CAGED Antigo
2019-12-01,24,RN,Nordeste,-3133,CAGED Antigo
2019-12-01,25,PB,Nordeste,-2992,CAGED Antigo
2019-12-01,26,PE,Nordeste,-5358,CAGED Antigo
2019-12-01,27,AL,Nordeste,-1159,CAGED Antigo
2019-12-01,28,SE,Nordeste,-1013,CAGED Antigo
2019-12-01,29,BA,Nordeste,-11374,CAGED Antigo
2019-12-01,31,MG,Sudeste,-35888,CAGED Antigo
2019-12-01,32,ES,Sudeste,-3846,CAGED Antigo
2019-12-01,33,RJ,Sudeste,-10548,CAGED Antigo
2019-12-01,35,SP,Sudeste,-105309,CAGED Antigo
2019-12-01,41,PR,Sul,-22757,CAGED Antigo
2019-12-01,42,SC,Sul,-24316,CAGED Antigo
2019-12-01,43,RS,Sul,-18688,CAGED Antigo
2019-12-01,50,MS,Centro-Oeste,-6328,CAGED Antigo
2019-12-01,51,MT,Centro-Oeste,-9352,CAGED Antigo
2019-12-01,52,GO,Centro-Oeste,-16089,CAGED Antigo
2019-12-01,53,DF,Centro-Oeste,-5197,CAGED Antigo
